dataset,model,encoding,ansatz,reupload,accuracy_mean,accuracy_std,f1_mean,f1_std,train_time_mean,train_time_std,epochs_mean,epochs_std,n_params_mean,n_params_std,runs
breast_cancer,hybrid,angle,strong,False,0.9815789473684209,0.008723060754489179,0.9801923841295135,0.009386839212531046,24.97202666000003,17.05297196227247,55.3,41.85172238590267,158.0,0.0,10
breast_cancer,hybrid,angle,basic,False,0.9815789473684207,0.01050192105033231,0.9802326967236057,0.011231133276582365,11.728043979999892,2.975669670562945,49.0,11.294049564064943,142.0,0.0,10
breast_cancer,hybrid,angle_x,strong,False,0.9807017543859645,0.012266770154036972,0.9792513026931559,0.013198458625249515,25.92131802999993,12.48263319076578,52.5,18.112303982529543,158.0,0.0,10
breast_cancer,hybrid,dense,basic,False,0.9807017543859645,0.005547855544155204,0.9792514533979387,0.005926247403899359,16.992350759999862,5.514143696318646,52.5,10.469532516359608,142.0,0.0,10
breast_cancer,hybrid,angle_x,strong,True,0.9798245614035084,0.010979522430127956,0.9783294560657042,0.011737420995343695,25.218880509999508,4.5171433593658445,49.4,8.167687011088951,158.0,0.0,10
breast_cancer,hybrid,dense,hea,True,0.9798245614035084,0.00929254303045073,0.9782360483041321,0.010012777446599739,165.29320150999973,272.81710843384377,62.0,17.962924780409974,150.0,0.0,10
breast_cancer,hybrid,angle_x,hea,False,0.9798245614035082,0.010979522430127845,0.9783725226254504,0.011659058738523248,19.017722580000008,3.178578486084723,53.8,10.031062866028815,150.0,0.0,10
breast_cancer,hybrid,dense,basic,True,0.9780701754385962,0.011134171207403305,0.9764072694540127,0.011986589497146682,35.573443329999826,30.92851837562229,58.8,10.911767348448492,142.0,0.0,10
breast_cancer,hybrid,dense,strong,True,0.9780701754385962,0.013238867161019609,0.976410167519084,0.01422173931768235,42.354928289999954,14.092177267571161,68.2,23.855118248851056,158.0,0.0,10
breast_cancer,hybrid,angle,hea,False,0.9780701754385961,0.01033781843839999,0.9763938814158675,0.01112704662927249,17.723885900000276,7.459556201153632,54.0,25.394662606321212,150.0,0.0,10
breast_cancer,hybrid,dense,strong,False,0.9780701754385961,0.010337818438399855,0.9764173454461602,0.011095494577751323,40.31816735999964,52.10520565550813,45.7,9.393259994982216,158.0,0.0,10
breast_cancer,hybrid,angle_x,hea,True,0.9771929824561398,0.010296384129625174,0.9754292920123901,0.011110079829809386,24.98314771999976,7.060189280272301,57.9,16.278479317457414,150.0,0.0,10
breast_cancer,hybrid,angle_x,basic,False,0.9745614035087717,0.015718924041772577,0.9728166493964563,0.016764290304838125,11.833189369999854,1.4150936127472122,47.7,5.334374898294603,142.0,0.0,10
breast_cancer,hybrid,angle_x,basic,True,0.9745614035087715,0.012020353679002543,0.9726629055296214,0.012773759075424652,17.72564385000005,3.617926693302229,56.0,12.092238098144705,142.0,0.0,10
breast_cancer,hybrid,angle,basic,True,0.9745614035087714,0.008723060754489084,0.9725516543457184,0.009464661658488966,17.250588130000143,9.830315849759282,54.5,20.684132404655827,142.0,0.0,10
breast_cancer,hybrid,dense,hea,False,0.9728070175438595,0.015165266058350696,0.9706723557038449,0.01640615230450849,27.562539540000216,11.85748618683606,69.0,25.901522906749882,150.0,0.0,10
breast_cancer,hybrid,angle,hea,True,0.9728070175438592,0.011286701207964307,0.9706475083712653,0.012132458323664367,23.512729079999918,8.348722636886368,55.0,12.657891697365017,150.0,0.0,10
breast_cancer,hybrid,angle,strong,True,0.9719298245614031,0.017446121508978066,0.96984044896259,0.01876454812197846,31.287763280000036,7.852824617634874,55.2,14.845874847916509,158.0,0.0,10
breast_cancer,quantum,angle,hea,False,0.951754385964912,0.021186223313142467,0.9481247876964479,0.02257802112113396,43.600057639999974,23.547477708633853,157.1,74.56607807843993,26.0,0.0,10
breast_cancer,quantum,angle,basic,False,0.9228070175438594,0.0233185988741251,0.916503417149034,0.02532395515604201,30.74126788999997,13.469622976875142,153.6,52.081559969809746,18.0,0.0,10
breast_cancer,quantum,angle_x,hea,False,0.9175438596491224,0.02810670138174958,0.9111758807276289,0.030698880898134093,56.85181518000004,17.21290697464015,223.2,61.753632371797465,26.0,0.0,10
breast_cancer,quantum,dense,hea,True,0.914035087719298,0.028886757977142765,0.906067931632089,0.032964068527823104,72.92252064999998,69.9768105107464,106.1,60.55750251712096,26.0,0.0,10
breast_cancer,quantum,angle_x,strong,True,0.9017543859649118,0.016948978650513973,0.8934749253041929,0.018264251306548435,65.61037193999998,43.45398403611742,137.3,84.50384606631818,34.0,0.0,10
breast_cancer,quantum,dense,strong,False,0.8973684210526311,0.030958271187289842,0.8874830523506807,0.034585055316430795,57.46432614999985,49.375893334367156,95.9,33.13759194630775,34.0,0.0,10
breast_cancer,quantum,dense,hea,False,0.895614035087719,0.022440448952455866,0.8875666006752476,0.023702939776570692,75.01905329000002,97.81622300312046,123.1,50.78593418566908,26.0,0.0,10
breast_cancer,quantum,angle,strong,False,0.8947368421052628,0.02804579838194576,0.8861120495651212,0.03025343044841972,70.26135532000005,78.80519707598866,134.7,53.707127604774726,34.0,0.0,10
breast_cancer,quantum,angle,strong,True,0.8947368421052626,0.030944459778533176,0.8863170994214183,0.03440890936053881,58.41006888,31.449560729942213,134.9,71.83847622734399,34.0,0.0,10
breast_cancer,quantum,angle_x,strong,False,0.8929824561403507,0.02736692153636857,0.8842463727324373,0.029353119057537538,114.40245335999995,139.54957085426483,158.3,81.87938283434563,34.0,0.0,10
breast_cancer,quantum,dense,strong,True,0.8903508771929823,0.03045711499415147,0.8816196947571184,0.0329227357178091,54.79115975000004,8.354252599101967,101.7,23.981705990655083,34.0,0.0,10
breast_cancer,quantum,angle_x,hea,True,0.890350877192982,0.02489676369287463,0.8811374074139356,0.027437092134226612,75.65155319999994,41.37147335110009,208.9,85.92302756925332,26.0,0.0,10
breast_cancer,quantum,angle,hea,True,0.8754385964912276,0.03276941690320893,0.8630129423106847,0.03771626679634557,45.89229827999998,38.88629463830345,103.8,61.1551760324141,26.0,0.0,10
breast_cancer,quantum,dense,basic,False,0.8701754385964907,0.03479409305413696,0.8562701607582636,0.03990820741160795,38.57154377000002,35.60781121787736,124.0,57.31588881899252,18.0,0.0,10
breast_cancer,quantum,angle,basic,True,0.8008771929824559,0.03988844263809351,0.7813364358611448,0.04350334725502086,44.18424641999998,63.43364462504848,105.1,60.443637658014374,18.0,0.0,10
breast_cancer,quantum,dense,basic,True,0.7947368421052625,0.052174755609813946,0.7726668418628767,0.062246705858512566,22.313893769999915,10.476280613869946,72.5,21.691011963483863,18.0,0.0,10
breast_cancer,quantum,angle_x,basic,False,0.7692982456140347,0.04010220859881567,0.7365199622968864,0.050221635666109425,27.50675679999995,19.66667252737821,135.5,64.63100391195132,18.0,0.0,10
breast_cancer,quantum,angle_x,basic,True,0.7307017543859647,0.03204390220537424,0.6896122989658287,0.03729493817392399,24.60214914000003,14.34787931455359,105.7,61.3750763746979,18.0,0.0,10
circles,hybrid,angle,strong,True,0.9962500000000001,0.006038073644245569,0.9962494139709328,0.006039017240689705,95.51112505999981,21.446924875022393,257.1,42.70688208916424,46.0,0.0,10
circles,hybrid,angle,basic,True,0.9949999999999999,0.008740073734751282,0.9949996093139551,0.008740446270148304,49.91346975999986,21.105738558004166,219.8,77.68426124025669,30.0,0.0,10
circles,hybrid,angle_x,strong,False,0.99375,0.008838834764831844,0.9937494139709327,0.008839295231124158,71.61493803999993,25.363540956314147,209.6,65.95486672296781,46.0,0.0,10
circles,hybrid,angle_x,strong,True,0.99375,0.0088388347648318,0.9937478504937595,0.0088429806894343,92.0737661000001,24.388431606657736,234.6,51.775584121389784,46.0,0.0,10
circles,hybrid,dense,basic,False,0.99375,0.008838834764831846,0.9937478504937595,0.008842980689434336,53.01896473000015,16.963969154298717,232.8,64.48048800477035,30.0,0.0,10
circles,hybrid,dense,basic,True,0.99375,0.01062295731998497,0.993746677702631,0.010629217636565304,78.25805113000015,18.95672218790981,233.4,68.00686239882953,30.0,0.0,10
circles,hybrid,angle,hea,True,0.9925,0.008740073734751245,0.9924976551507371,0.0087440491443297,71.04626473000008,18.2161012550028,252.6,54.18527885361895,38.0,0.0,10
circles,hybrid,angle,strong,False,0.9925,0.013437096247164253,0.9924992186279106,0.013438630815657965,77.40094078000011,26.07321516591457,244.2,69.75799436464453,46.0,0.0,10
circles,hybrid,angle_x,basic,False,0.9925,0.01054092553389459,0.992498045836782,0.010544016204598189,45.25042582000005,11.38587224593946,250.9,50.980279411640026,30.0,0.0,10
circles,hybrid,angle_x,hea,False,0.9925,0.006454972243679001,0.9924988279418656,0.006455980990709094,115.98578954000013,160.4417493467893,268.1,47.99641190292829,38.0,0.0,10
circles,hybrid,angle_x,hea,True,0.9925,0.008740073734751243,0.9924992186279104,0.008740570451553284,83.74275646999995,9.980577705300277,281.1,37.60747561618863,38.0,0.0,10
circles,hybrid,dense,hea,False,0.9925,0.008740073734751257,0.9924976551507371,0.008744049144329713,107.72953525000021,99.10758372166582,275.7,37.39890075627597,38.0,0.0,10
circles,hybrid,dense,hea,True,0.9925,0.008740073734751243,0.9924976551507371,0.008744049144329693,232.95188407999984,295.88219115000487,259.3,49.87773941237603,38.0,0.0,10
circles,hybrid,dense,strong,False,0.9925,0.013437096247164246,0.9924992186279106,0.013438630815657963,74.06781690000007,32.05032886089157,207.8,87.4754568753748,46.0,0.0,10
circles,hybrid,dense,strong,True,0.99,0.012909944487358061,0.9899941331072182,0.012922573842749885,95.46703424000006,23.928569366725483,201.3,57.147081193083594,46.0,0.0,10
circles,hybrid,angle,basic,False,0.9875,0.013176156917368212,0.987495700987519,0.013180689170095112,47.38438111000014,9.822912494422855,251.1,41.599813033767894,30.0,0.0,10
circles,hybrid,angle,hea,False,0.9875,0.016666666666666653,0.9874964823596086,0.01666927350070801,67.16668141000018,14.094014788336763,268.7,47.21358090869853,38.0,0.0,10
circles,hybrid,angle_x,basic,True,0.985,0.018446619684315515,0.9849929603160896,0.01845469485101812,60.02951163000007,18.972531811293806,250.1,62.63554191600094,30.0,0.0,10
circles,quantum,angle_x,basic,True,0.99875,0.003952847075210495,0.9987498046569776,0.003953464804086269,122.85391726999998,150.7252529579273,298.2,5.692099788303084,18.0,0.0,10
circles,quantum,angle,basic,False,0.9974999999999999,0.007905694150420953,0.9974984365228267,0.007910638299358237,43.01988383999996,13.980043547185009,270.8,47.75818719805479,18.0,0.0,10
circles,quantum,angle,strong,True,0.9974999999999999,0.007905694150420957,0.9974999999999999,0.007905694150420957,88.77771014999999,29.14980904634035,276.6,50.568325615503184,34.0,0.0,10
circles,quantum,angle,strong,False,0.9962500000000001,0.006038073644245572,0.9962494139709328,0.0060390172406897,164.96585367999998,182.51195875800767,249.0,67.51625318724703,34.0,0.0,10
circles,quantum,angle_x,basic,False,0.9962500000000001,0.011858541225631422,0.9962494139709328,0.011860394412258498,69.23143630000001,80.61633246118572,282.5,28.336274357163536,18.0,0.0,10
circles,quantum,angle_x,strong,False,0.9962500000000001,0.006038073644245573,0.9962494139709328,0.006039017240689697,73.88114187000004,17.103134374131933,251.6,67.71869920651328,34.0,0.0,10
circles,quantum,dense,strong,False,0.9962500000000001,0.008436856971381914,0.9962498046569775,0.00843708209475831,137.46451982999997,158.20045004067697,297.9,5.665686189686115,34.0,0.0,10
circles,quantum,angle_x,hea,False,0.9949999999999999,0.012076147288491193,0.9949992186279104,0.012078034481379096,121.79873948999996,161.73215305336475,284.3,38.210091744343025,26.0,0.0,10
circles,quantum,angle_x,hea,True,0.9949999999999999,0.008740073734751257,0.9949980458367819,0.008744421762639844,136.37335473000002,210.2150746880285,281.2,37.61146397339809,26.0,0.0,10
circles,quantum,angle_x,strong,True,0.99375,0.008838834764831827,0.9937494139709327,0.008839295231124164,86.97386735000002,57.02877961834103,232.0,74.64434190062754,34.0,0.0,10
circles,quantum,angle,hea,False,0.9925,0.01207614728849117,0.9924988279418656,0.012078034481379127,104.83335776000001,103.8143270731422,279.8,42.72600041088695,26.0,0.0,10
circles,quantum,dense,strong,True,0.9887500000000001,0.0149652374967233,0.9887435470781512,0.01497673079435003,103.14359555999997,25.289090058286902,266.7,39.115356461511524,34.0,0.0,10
circles,quantum,dense,hea,True,0.9875,0.013176156917368292,0.987495700987519,0.013180689170095126,85.68640578000002,22.104723992077968,268.5,51.25589397002716,26.0,0.0,10
circles,quantum,angle,hea,True,0.9800000000000001,0.03184162195757133,0.9799960916735639,0.031844692226652885,119.15755117999997,182.70092594945424,273.9,58.97353455388083,26.0,0.0,10
circles,quantum,angle,basic,True,0.9775,0.019364916731037046,0.9774980465697762,0.019365477269308696,44.09181835999998,17.121654885124585,253.5,46.07059799915777,18.0,0.0,10
circles,quantum,dense,basic,True,0.9737500000000001,0.03701069665200408,0.9737474598077147,0.03701067496584008,141.04370978000003,156.24224539081405,268.0,49.69462300446151,18.0,0.0,10
circles,quantum,dense,basic,False,0.9637500000000001,0.032516021691877756,0.9637220189534904,0.032548684039048724,94.35441678,168.8074184552718,247.9,53.84844988999735,18.0,0.0,10
circles,quantum,dense,hea,False,0.95625,0.037384080093596575,0.9562063709723747,0.037439236584762385,50.58763505000002,19.4444708259386,244.5,65.67639521844121,26.0,0.0,10
moons,hybrid,dense,basic,True,0.9375,0.016666666666666653,0.9374311100355716,0.016683417917821644,47.9947504900003,18.562036343761246,154.0,60.84588911522472,30.0,0.0,10
moons,hybrid,dense,strong,True,0.9275,0.02486072315029382,0.9274503307660028,0.024859282086133038,54.89119867000009,29.76450765369169,112.9,58.323713492502826,46.0,0.0,10
moons,hybrid,dense,hea,True,0.9262500000000001,0.026647128258865806,0.9262071714367572,0.026651302165278435,42.7710119700002,16.105053962961094,112.0,38.932990866073695,38.0,0.0,10
moons,hybrid,angle_x,strong,True,0.925,0.034860834438919804,0.9249577486578484,0.034866317084184306,41.16903332999991,12.64256649872919,114.3,36.69710857516949,46.0,0.0,10
moons,hybrid,angle_x,basic,True,0.9237500000000001,0.023899383999499944,0.9236610132927725,0.023946856424283923,31.31070512000006,17.657129326270383,137.6,72.9843209950679,30.0,0.0,10
moons,hybrid,angle_x,basic,False,0.9225,0.029344694769431655,0.9224106891272207,0.029366851722488232,29.065333250000094,15.538143943216014,149.4,72.31443685584351,30.0,0.0,10
moons,hybrid,angle,basic,True,0.91875,0.040931005634142655,0.9186628275401805,0.041002771449459706,19.229197099999872,5.494506502035147,91.3,27.276567069759917,30.0,0.0,10
moons,hybrid,angle,hea,False,0.9175000000000001,0.03961621441334903,0.9174142988025773,0.03964287789118954,31.68666611999988,15.001408423184555,125.2,57.674951235349994,38.0,0.0,10
moons,hybrid,dense,basic,False,0.91625,0.04084608644384157,0.9161063328826826,0.040961560379959794,83.96399994999993,163.85539845424265,138.2,74.435355995805,30.0,0.0,10
moons,hybrid,angle,strong,True,0.9137500000000001,0.04059026292652519,0.9136687135960632,0.04063709735652042,109.42035757000012,212.8665310614614,110.5,52.156282246511566,46.0,0.0,10
moons,hybrid,dense,hea,False,0.9125,0.02825970826302192,0.9124338270284035,0.02827621338130037,35.237043600000014,16.403876029574672,114.9,57.47356880437399,38.0,0.0,10
moons,hybrid,dense,strong,False,0.9100000000000001,0.032702361450580995,0.909879832392466,0.032763216533540376,38.966094619999964,19.38260563766342,108.9,52.1652289471743,46.0,0.0,10
moons,hybrid,angle_x,strong,False,0.9075000000000001,0.042979323194092096,0.907413538752792,0.0430010321613066,42.037782080000035,18.09342060303078,129.4,55.90706574307044,46.0,0.0,10
moons,hybrid,angle,hea,True,0.90625,0.03691676072222785,0.9061613789605139,0.0369716093590791,37.96783312999978,24.227363067363957,118.7,61.449256391848316,38.0,0.0,10
moons,hybrid,angle,strong,False,0.905,0.03496029493900506,0.9049142258478327,0.03496766406579501,276.5216250400002,365.91103317535226,120.7,51.94024344271875,46.0,0.0,10
moons,hybrid,angle,basic,False,0.9025000000000001,0.034761089357690365,0.9024049142694045,0.03480240497836324,85.25790846000027,192.7311529454903,138.1,76.5643520184165,30.0,0.0,10
moons,hybrid,angle_x,hea,True,0.9025000000000001,0.03374742788552764,0.9023715522250878,0.0338263971276676,35.787870829999974,17.012895901128072,119.7,54.31809602292366,38.0,0.0,10
moons,hybrid,angle_x,hea,False,0.9012500000000001,0.027290871489688045,0.9011499540603356,0.027321264825834482,32.10493640000004,16.675892103724863,118.5,53.110471869700255,38.0,0.0,10
moons,quantum,dense,hea,True,0.9349999999999999,0.02486072315029382,0.9349471891328431,0.02489245447386413,90.03274263,136.36919439909377,172.6,66.03399797747285,26.0,0.0,10
moons,quantum,angle,basic,False,0.93125,0.027795133466929873,0.9311554642870021,0.02786353203073918,32.44203707000004,12.053294797227075,220.8,62.80445844046423,18.0,0.0,10
moons,quantum,angle_x,hea,True,0.93125,0.016925080009658235,0.9311946379198055,0.016934571318291188,61.82734080000002,16.13518841346611,248.4,52.61009620046539,26.0,0.0,10
moons,quantum,angle,hea,False,0.93,0.027763885414929464,0.9298833155168044,0.027816855478258084,66.72334501999997,77.51092755332476,230.8,60.640653763699554,26.0,0.0,10
moons,quantum,dense,strong,False,0.93,0.022973414586817037,0.9299338529094253,0.022976228358267833,59.15814479000003,18.190562700269993,170.8,60.436927637184056,34.0,0.0,10
moons,quantum,dense,strong,True,0.9275,0.024860723150293803,0.9274028378580003,0.024890200921441192,51.21561662999998,16.242588697436837,134.8,48.56564858232846,34.0,0.0,10
moons,quantum,dense,hea,False,0.925,0.022047927592204915,0.9249060672214521,0.022094872727993577,56.025435379999955,13.64613561138526,218.7,61.20829646016589,26.0,0.0,10
moons,quantum,angle,strong,False,0.9237500000000001,0.023161570182812133,0.9236098780213039,0.023208523723203055,145.87587182,225.8478810925141,188.4,53.13337515682168,34.0,0.0,10
moons,quantum,angle,strong,True,0.9237500000000001,0.024615092479569865,0.9236589708063445,0.024642899563746285,48.485204350000025,15.246326566803713,155.2,58.24431302711021,34.0,0.0,10
moons,quantum,angle_x,strong,True,0.9237500000000001,0.018114220932736805,0.9236601251570141,0.018134200302299085,57.248813970000015,36.10046656093573,163.8,77.279866574534,34.0,0.0,10
moons,quantum,angle_x,strong,False,0.9200000000000002,0.021408720964441862,0.9198659586319208,0.021452006782771035,44.28363546999994,11.962893292768367,180.0,70.03015223617768,34.0,0.0,10
moons,quantum,angle,basic,True,0.915,0.03899786318932528,0.9148974103085049,0.039079104685697655,24.922867509999968,11.490161933276168,131.2,55.14183731271767,18.0,0.0,10
moons,quantum,angle,hea,True,0.8875,0.0620819351072973,0.8873399426040797,0.062095719777117225,57.28887372000001,27.460013449603917,233.8,93.39854864444571,26.0,0.0,10
moons,quantum,angle_x,hea,False,0.875,0.029462782549439504,0.8746674860699336,0.030024888238634195,42.87392934999998,66.18985495159426,65.8,24.247794859647662,26.0,0.0,10
moons,quantum,dense,basic,True,0.8712500000000001,0.031208305518456693,0.8711022251145456,0.031174719376918736,48.67863216999999,20.311084193079868,180.6,56.46867371482273,18.0,0.0,10
moons,quantum,dense,basic,False,0.81125,0.05050096258708563,0.8104669035180555,0.050780821239328026,37.01602026000005,20.600382663312327,202.1,88.19983623063658,18.0,0.0,10
moons,quantum,angle_x,basic,True,0.495,0.05749396103553446,0.48886845032452203,0.06154469881157907,14.353133360000038,12.258990604562683,73.6,62.78924182444703,18.0,0.0,10
moons,quantum,angle_x,basic,False,0.465,0.06816035015559513,0.44855242567437414,0.07242419067391304,12.500318620000007,12.371879430221563,79.0,69.9205898780101,18.0,0.0,10
