cost,n_layers,n_qubits,ansatz,grad_var,grad_mean_abs,samples
local,1,2,hea,0.2524186074733734,0.4085153341293335,2000
local,1,4,hea,0.2469201683998108,0.4021540582180023,2000
local,1,6,hea,0.2488328665494918,0.4013186395168304,2000
local,1,8,hea,0.2513981461524963,0.4099044501781463,2000
local,1,10,hea,0.255901575088501,0.4135790765285492,2000
local,1,12,hea,0.2436885088682174,0.4015927314758301,2000
local,1,14,hea,0.2482201009988784,0.4014545381069183,2000
local,1,16,hea,0.2482357770204544,0.4006569981575012,2000
local,5,2,hea,0.134470984339714,0.3014360964298248,2000
local,5,4,hea,0.0853064581751823,0.2314306646585464,2000
local,5,6,hea,0.0821040421724319,0.2269699424505233,2000
local,5,8,hea,0.0812478512525558,0.2259598970413208,2000
local,5,10,hea,0.0805103555321693,0.2223966419696808,2000
local,5,12,hea,0.0839716494083404,0.2301317006349563,2000
local,5,14,hea,0.0776875466108322,0.217673048377037,2000
local,5,16,hea,0.0778536945581436,0.2192630767822265,2000
local,20,2,hea,0.1310622096061706,0.2983370125293731,2000
local,20,4,hea,0.033208891749382,0.1471700668334961,2000
local,20,6,hea,0.0139918150380253,0.0942342430353164,2000
local,20,8,hea,0.010945969261229,0.0801962837576866,2000
local,20,10,hea,0.0100393183529376,0.0774987488985061,2000
local,20,12,hea,0.0099946334958076,0.0771215707063674,2000
local,20,14,hea,0.0099242879077792,0.076798178255558,2000
local,20,16,hea,0.0104417391121387,0.0792145133018493,2000
local,50,2,hea,0.1344465613365173,0.3007737696170807,2000
local,50,4,hea,0.0309067219495773,0.1412295550107956,2000
local,50,6,hea,0.0081785600632429,0.0717143416404724,2000
local,50,8,hea,0.0021499737631529,0.0369888767600059,2000
local,50,10,hea,0.0007573557086288,0.0218518413603305,2000
local,50,12,hea,0.0004047562251798,0.0157413706183433,2000
local,50,14,hea,0.0003110465186182,0.0135917719453573,2000
local,50,16,hea,0.0003098760498687,0.0135512128472328,2000
global,1,2,hea,0.2453454285860061,0.3974083960056305,2000
global,1,4,hea,0.0622647255659103,0.1660668551921844,2000
global,1,6,hea,0.0167530830949544,0.0677967220544815,2000
global,1,8,hea,0.0036986130289733,0.0268242247402668,2000
global,1,10,hea,0.001010573352687,0.0115574235096573,2000
global,1,12,hea,0.000188827412785,0.0043757413513958,2000
global,1,14,hea,5.6489014241378754e-05,0.0018041912699118,2000
global,1,16,hea,4.846375668421388e-05,0.000916400400456,2000
global,5,2,hea,0.1343777477741241,0.3001693785190582,2000
global,5,4,hea,0.0303260516375303,0.1327290087938308,2000
global,5,6,hea,0.0071555962786078,0.0614944025874137,2000
global,5,8,hea,0.0016390044474974,0.0272863507270813,2000
global,5,10,hea,0.0003509790985845,0.0121438121423125,2000
global,5,12,hea,7.999895024113357e-05,0.0054391729645431,2000
global,5,14,hea,1.9981967852800157e-05,0.002474364824593,2000
global,5,16,hea,4.941553015669342e-06,0.0011847191490232,2000
global,20,2,hea,0.1361123770475387,0.3030795454978943,2000
global,20,4,hea,0.0299785416573286,0.1394828855991363,2000
global,20,6,hea,0.0077035981230437,0.0701721087098121,2000
global,20,8,hea,0.0019854397978633,0.0356043092906475,2000
global,20,10,hea,0.0004992298781871,0.0176722072064876,2000
global,20,12,hea,0.0001293522655032,0.0090561481192708,2000
global,20,14,hea,3.079908492509276e-05,0.004319854080677,2000
global,20,16,hea,7.431326139339944e-06,0.0021510149817913,2000
global,50,2,hea,0.1285108923912048,0.2975476384162903,2000
global,50,4,hea,0.0310317352414131,0.1413512378931045,2000
global,50,6,hea,0.0078485999256372,0.0714973136782646,2000
global,50,8,hea,0.0018663353985175,0.0348197035491466,2000
global,50,10,hea,0.0004766389611177,0.0173459593206644,2000
global,50,12,hea,0.0001200546175823,0.0087848454713821,2000
global,50,14,hea,3.0336090276250616e-05,0.0044007962569594,2000
global,50,16,hea,7.77293462306261e-06,0.0022351446095854,2000
