dataset,enc,mean,std
breast_cancer,bn,0.9763157894736839,0.012439793793089203
breast_cancer,pi,0.9675438596491224,0.013745800319933391
breast_cancer,pi2,0.9815789473684209,0.008723060754489179
circles,bn,0.9962500000000001,0.006038073644245581
circles,pi,0.99,0.014191155304938682
circles,pi2,0.9925,0.013437096247164246
iris,bn,0.9833333333333332,0.03239417719358507
iris,pi,0.973333333333333,0.034426518632954844
iris,pi2,0.97,0.039907299991262184
moons,bn,0.9099999999999999,0.04479893351905203
moons,pi,0.9262500000000001,0.030872722588071153
moons,pi2,0.905,0.03496029493900509
vision:fashion,bn,0.70385,0.05553900952436373
vision:fashion,pi,0.11671052631578949,0.013955600020415628
vision:fashion,pi2,0.5288,0.08495144123804524
vision:mnist,bn,0.81685,0.06844477220434925
vision:mnist,pi,0.138175,0.010362222632945924
vision:mnist,pi2,0.6096250000000001,0.09703836395440402
vision:pneumonia,bn,0.8415865384615382,0.014156089000527424
vision:pneumonia,pi,0.625,0.0
vision:pneumonia,pi2,0.8116185897435895,0.032393062153932006
wine,bn,0.9777777777777776,0.025526016207574657
wine,pi,0.9749999999999999,0.02049624409368409
wine,pi2,0.9666666666666665,0.021911406604072797
