dataset,model,n_qubits,n_layers,init,accuracy_mean,accuracy_std,f1_mean,f1_std,train_time_mean,train_time_std,epochs_mean,epochs_std,n_params_mean,n_params_std,runs
breast_cancer,hybrid,4,2,small,0.9798245614035084,0.011732399209204084,0.9783216824084329,0.012606766562241672,59.35247384000013,108.08931625272362,56.3,18.702643901034122,158.0,0.0,10
breast_cancer,hybrid,4,2,uniform,0.9815789473684209,0.008723060754489174,0.9801923841295135,0.009386839212531055,23.71037383999992,17.1210444908161,55.3,41.85172238590267,158.0,0.0,10
breast_cancer,hybrid,4,8,small,0.9780701754385962,0.013238867161019638,0.9764491709967617,0.014222188774527892,72.63230760000006,14.118292928747751,50.5,9.69822435065077,230.0,0.0,10
breast_cancer,hybrid,4,8,uniform,0.9789473684210523,0.010296384129625321,0.9773396810641083,0.011122421668214713,66.55922474999997,18.051009115707135,45.4,8.382521498133285,230.0,0.0,10
breast_cancer,hybrid,8,2,small,0.9789473684210523,0.011841202766851884,0.977448291905425,0.012641279210623309,55.13551930999993,8.47993512797526,43.9,6.640783086353596,314.0,0.0,10
breast_cancer,hybrid,8,2,uniform,0.9807017543859645,0.009958705477150106,0.9792530718798556,0.010757199758282245,59.222026539999845,21.886920300685013,45.1,17.58439965171149,314.0,0.0,10
breast_cancer,hybrid,8,8,small,0.9815789473684207,0.012020353679002714,0.9802284065040195,0.012878310531786738,674.6252996799998,647.9572611422752,42.0,4.594682917363406,458.0,0.0,10
breast_cancer,hybrid,8,8,uniform,0.9824561403508769,0.008270254750719852,0.9811103422390138,0.008897359012394827,644.9902202199999,812.5110840160482,54.6,19.81133233502706,458.0,0.0,10
breast_cancer,quantum,4,2,small,0.8885964912280698,0.03283457786813983,0.8801463677498592,0.034796134732767485,152.56415442000034,254.30767495351228,120.4,69.11857766026279,34.0,0.0,10
breast_cancer,quantum,4,2,uniform,0.8947368421052628,0.028045798381945732,0.8861120495651212,0.03025343044841971,58.91237158000022,23.175980732307156,134.7,53.707127604774726,34.0,0.0,10
breast_cancer,quantum,4,8,small,0.9517543859649118,0.016148188621618677,0.9483744874119798,0.017113532300216262,212.80278651999998,141.54084369147014,117.5,45.712264340230526,106.0,0.0,10
breast_cancer,quantum,4,8,uniform,0.9499999999999996,0.018515953449108266,0.9463396825559715,0.019559089104290227,193.38355256000023,167.55153772184727,81.0,24.38123139721299,106.0,0.0,10
breast_cancer,quantum,8,2,small,0.864912280701754,0.017641056291226254,0.8531561609938519,0.01970466392464737,127.91542204000007,49.51591054352958,101.1,40.602271419767206,66.0,0.0,10
breast_cancer,quantum,8,2,uniform,0.8526315789473682,0.05077963355811094,0.8401917325889515,0.05731723786295175,122.95027230000005,41.24040890660309,89.9,26.871918427979796,66.0,0.0,10
breast_cancer,quantum,8,8,small,0.9473684210526312,0.027429331928792124,0.9427614459159577,0.030269960797475886,685.7558737699997,781.089112259573,99.8,35.244542524733916,210.0,0.0,10
breast_cancer,quantum,8,8,uniform,0.9245614035087716,0.021566185865012664,0.9186120280201507,0.023095066460258957,488.81578722999984,428.96170477384555,95.5,20.326501584548843,210.0,0.0,10
moons,hybrid,4,2,small,0.9075000000000001,0.02838231060987733,0.9074263642876845,0.0284201706060076,45.778388259999886,37.15366013340326,107.7,47.51151907110995,46.0,0.0,10
moons,hybrid,4,2,uniform,0.905,0.03496029493900508,0.9049142258478327,0.034967664065795025,38.18869153000014,16.78602901047105,120.7,51.94024344271875,46.0,0.0,10
moons,hybrid,4,8,small,0.9125,0.03227486121839514,0.9123624781261694,0.03239555144973562,131.94320628999967,78.614179622078,122.3,75.8639864787268,118.0,0.0,10
moons,hybrid,4,8,uniform,0.9037499999999999,0.042918689272726976,0.9036284695241612,0.04298753178785168,182.67426844000002,189.222361135405,116.0,63.42099196813483,118.0,0.0,10
moons,hybrid,8,2,small,0.915,0.03270236145058097,0.9149212824354052,0.03274408767672656,149.74509186000006,141.4811499205001,121.8,95.13709406255096,90.0,0.0,10
moons,hybrid,8,2,uniform,0.92875,0.03775377096691431,0.9286977766313399,0.03777748692098327,83.76482416999988,40.21712533444568,87.1,37.02686712225178,90.0,0.0,10
moons,hybrid,8,8,small,0.915,0.03763863263545405,0.914903324333805,0.03769395341708082,356.64403292,316.06329931028057,77.6,27.06042620999652,234.0,0.0,10
moons,hybrid,8,8,uniform,0.9237500000000001,0.02531057091414572,0.923684473483973,0.025349423968306355,304.35719822,112.66189070746411,89.3,34.192429311504355,234.0,0.0,10
moons,quantum,4,2,small,0.925,0.02700308624336608,0.9248632853499134,0.027078330359639774,73.2320334899996,46.88592852080217,188.5,67.12715959695863,34.0,0.0,10
moons,quantum,4,2,uniform,0.9237500000000001,0.023161570182812143,0.9236098780213039,0.023208523723203044,114.51487003000003,121.31114830840694,188.4,53.133375156821685,34.0,0.0,10
moons,quantum,4,8,small,0.93125,0.0214492294603896,0.9311730567797168,0.021483303622977932,185.96583429999993,133.11682698260154,143.7,55.15845860387648,106.0,0.0,10
moons,quantum,4,8,uniform,0.9325000000000001,0.030731814857642977,0.932406781604708,0.030820747297944765,136.0884648100003,41.010408171911635,130.1,45.15024301644948,106.0,0.0,10
moons,quantum,8,2,small,0.93125,0.01976423537605235,0.9311804790211167,0.019797059049496395,174.12229717000008,45.51893264005685,193.7,49.53573345463746,66.0,0.0,10
moons,quantum,8,2,uniform,0.93125,0.026516504294495553,0.9311569754368,0.0265448614111744,136.29704746999988,47.6147230524995,147.8,47.9393134888035,66.0,0.0,10
moons,quantum,8,8,small,0.9325000000000001,0.019720265943665362,0.9323980782386639,0.019730382123715605,784.4522046,1013.4539535599362,101.9,34.3719847162385,210.0,0.0,10
moons,quantum,8,8,uniform,0.9337500000000001,0.02503469814299966,0.9336903124351055,0.025036983549503143,477.17602686,461.7367880166432,98.2,35.03585465078755,210.0,0.0,10
wine,hybrid,4,2,small,0.9666666666666665,0.01756820922315779,0.9672569045751137,0.01709138242970541,36.688341250000306,19.229332471425977,180.5,98.78849460674388,95.0,0.0,10
wine,hybrid,4,2,uniform,0.9666666666666665,0.021911406604072814,0.9673021309536735,0.021234822294547654,34.92937532000015,18.545895684897925,184.6,96.21526790368449,95.0,0.0,10
wine,hybrid,4,8,small,0.9722222222222221,0.01851851851851865,0.9729637769637767,0.01774044990326106,130.86475953000007,99.15581429232424,185.7,104.79827182629387,167.0,0.0,10
wine,hybrid,4,8,uniform,0.9666666666666665,0.021911406604072824,0.9671924628440053,0.021364361363000624,161.92030412000003,154.99597654622016,157.9,77.66230316783899,167.0,0.0,10
wine,hybrid,8,2,small,0.9805555555555555,0.018748571047515455,0.9811678198344864,0.018356194646191214,65.07200773000004,40.677590669920946,138.0,93.64946461257652,187.0,0.0,10
wine,hybrid,8,2,uniform,0.9805555555555555,0.01874857104751545,0.9810858780707539,0.018404516924948874,116.72010838000014,116.54816373089888,160.1,111.58798222827483,187.0,0.0,10
wine,hybrid,8,8,small,0.9694444444444443,0.020496244093684113,0.9701092990941749,0.01996637593401509,601.0419889899999,660.2774083553293,184.1,112.77652434990381,331.0,0.0,10
wine,hybrid,8,8,uniform,0.9694444444444443,0.024322084326969973,0.9700962740962741,0.023771430477051495,600.0925813600002,540.9687221612257,186.7,82.92439662460954,331.0,0.0,10
wine,quantum,4,2,small,0.9111111111111108,0.0409924881873678,0.9134287608890979,0.04033723849947855,36.29765888999973,10.463898045527259,220.8,61.3365941162189,39.0,0.0,10
wine,quantum,4,2,uniform,0.8972222222222218,0.06286757480284415,0.8986028514244035,0.06273376258480678,30.965482480000173,10.746944277681306,187.0,65.83818547519871,39.0,0.0,10
wine,quantum,4,8,small,0.9499999999999996,0.021911406604072817,0.9522201018197508,0.021250067411839876,259.93328696,465.49954733830384,166.9,63.82693614593902,111.0,0.0,10
wine,quantum,4,8,uniform,0.9527777777777775,0.03220838357578932,0.9553173431506762,0.031512758124474745,86.56737369000011,37.44468043736819,166.6,65.70337383524026,111.0,0.0,10
wine,quantum,8,2,small,0.8499999999999994,0.060291928133702474,0.8470640284768696,0.0660073071976227,192.11929979000007,367.09928530073614,176.2,50.508085161354785,75.0,0.0,10
wine,quantum,8,2,uniform,0.8527777777777773,0.055632662539999364,0.8512933914583571,0.05902234528323302,85.0526904199999,41.375071738726504,179.2,65.13712032661901,75.0,0.0,10
wine,quantum,8,8,small,0.9611111111111109,0.01942238607722517,0.9629610091772692,0.01896454144988262,290.24885843000004,89.7486395944473,176.0,57.63679380395825,219.0,0.0,10
wine,quantum,8,8,uniform,0.9249999999999996,0.041512058836036994,0.9259728079397732,0.04082760443094623,465.9736363599999,81.51214835882222,270.7,24.76130493778997,219.0,0.0,10
