n_qubits,backend,diff_method,device,batch,n_layers,step_time
2,torch,backprop,cpu,32,2,0.0105775000010908
2,torch,backprop,cuda,32,2,0.0281732000003103
2,torch,parameter-shift,cpu,32,2,0.0098870000001625
2,torch,parameter-shift,cuda,32,2,0.0212293000004137
2,pennylane,backprop,cpu,32,2,0.0191956000016944
2,pennylane,parameter-shift,cpu,32,2,3.0047208000032697
4,torch,backprop,cpu,32,2,0.0213129999974626
4,torch,backprop,cuda,32,2,0.0559563999995589
4,torch,parameter-shift,cpu,32,2,0.0300453999989258
4,torch,parameter-shift,cuda,32,2,0.0408462000013969
4,pennylane,backprop,cpu,32,2,0.0404165999971155
4,pennylane,parameter-shift,cpu,32,2,12.553062200000568
6,torch,backprop,cpu,32,2,0.034852699998737
6,torch,backprop,cuda,32,2,0.0829774000012548
6,torch,parameter-shift,cpu,32,2,0.0682239999987359
6,torch,parameter-shift,cuda,32,2,0.0606292999982542
6,pennylane,backprop,cpu,32,2,0.0682629000002634
6,pennylane,parameter-shift,cpu,32,2,27.28455689999828
8,torch,backprop,cpu,32,2,0.054180200000701
8,torch,backprop,cuda,32,2,0.1102745000025606
8,torch,parameter-shift,cpu,32,2,0.1975067000021226
8,torch,parameter-shift,cuda,32,2,0.0805891000018164
8,pennylane,backprop,cpu,32,2,0.1145027000020491
10,torch,backprop,cpu,32,2,0.0922981000003346
10,torch,backprop,cuda,32,2,0.1379844000002776
10,torch,parameter-shift,cpu,32,2,1.0079753000027267
10,torch,parameter-shift,cuda,32,2,0.1017246000010345
10,pennylane,backprop,cpu,32,2,0.2469548999979451
12,torch,backprop,cpu,32,2,0.1492685999983223
12,torch,backprop,cuda,32,2,0.1684975999996822
12,pennylane,backprop,cpu,32,2,0.5498212999991665
14,torch,backprop,cpu,32,2,0.4468995000024733
14,torch,backprop,cuda,32,2,0.1928866000016569
16,torch,backprop,cpu,32,2,2.285188099998777
16,torch,backprop,cuda,32,2,0.4990044999976817
