dataset,model,n_qubits,n_layers,accuracy_mean,accuracy_std,f1_mean,f1_std,train_time_mean,train_time_std,epochs_mean,epochs_std,n_params_mean,n_params_std,runs
breast_cancer,hybrid,2,1,0.9614035087719296,0.015023663834696074,0.9583045891692932,0.01624470646311943,7.889024659999995,1.9341357735942317,67.7,14.228687766465171,74.0,0.0,10
breast_cancer,hybrid,2,2,0.9745614035087715,0.013992381419889505,0.9726932289719816,0.01511795434233506,17.46522687999991,15.398381796474386,65.1,14.54838669940951,80.0,0.0,10
breast_cancer,hybrid,2,4,0.971052631578947,0.009292543030450549,0.9688733626293654,0.009812491335483165,18.540064600000004,5.572761635549457,59.1,11.976365614548234,92.0,0.0,10
breast_cancer,hybrid,4,1,0.9473684210526312,0.030666925385092025,0.9436604823000068,0.03278467959818552,13.34477321999998,4.53604852530889,58.7,19.607538232923467,146.0,0.0,10
breast_cancer,hybrid,4,2,0.9675438596491224,0.013745800319933383,0.9651798426840503,0.01459082469536002,57.08741690999991,70.42944953103616,64.0,13.457752825457566,158.0,0.0,10
breast_cancer,hybrid,4,4,0.9736842105263154,0.013076420921051445,0.9717262466035284,0.01391041597269908,49.898720950000005,42.09550947783917,55.0,15.107025591499546,182.0,0.0,10
breast_cancer,hybrid,6,1,0.9552631578947366,0.012020353679002482,0.9523828248637607,0.012759992629558688,15.69954358,4.721867513527202,50.7,10.646334789233546,218.0,0.0,10
breast_cancer,hybrid,6,2,0.9692982456140345,0.013869638860387615,0.9668070186756509,0.015118918147247645,68.16658148,61.993976641400046,50.2,11.773793875477107,236.0,0.0,10
breast_cancer,hybrid,6,4,0.9736842105263154,0.009246425906925081,0.9717080955445437,0.009771690398004471,80.51347274000003,35.56614525329496,50.0,8.781293248212993,272.0,0.0,10
breast_cancer,hybrid,8,1,0.9675438596491224,0.015499834246431032,0.965314715120827,0.016507403182566747,76.33320834999999,62.824292621533765,60.9,19.7115307483829,290.0,0.0,10
breast_cancer,hybrid,8,2,0.9605263157894732,0.02236412067365255,0.9575231489785592,0.023894076973933438,100.30632707,93.52719836102162,52.1,13.682511140544015,314.0,0.0,10
breast_cancer,hybrid,8,4,0.9763157894736837,0.01604194938519908,0.9747312811648363,0.016843610826335693,104.28985924999999,27.781549259846216,55.8,15.00222205763755,362.0,0.0,10
breast_cancer,hybrid,12,4,0.9611528822055134,0.01668753914405849,0.9582707581917401,0.01786472721793141,575.1544290428571,470.75439197959895,50.142857142857146,6.6690471940293286,542.0,0.0,7
breast_cancer,quantum,2,1,0.92719298245614,0.024827987971174123,0.9216207788769248,0.026484884957601623,14.712380029999986,7.687106276093484,146.7,84.8293057328133,12.0,0.0,10
breast_cancer,quantum,2,2,0.9526315789473682,0.024182541670333818,0.949157351163741,0.02574837080439207,40.32967391000002,24.44364020575206,194.1,74.5288162018185,18.0,0.0,10
breast_cancer,quantum,2,4,0.9491228070175435,0.023682405533703633,0.9453272374527654,0.025087825662629622,45.83891247000006,19.66335354879425,153.2,62.60954843756306,30.0,0.0,10
breast_cancer,quantum,4,1,0.891228070175438,0.03208389877039804,0.8837434332000299,0.03324524788644284,33.62545848000004,38.55895600620139,103.1,49.428848976191134,22.0,0.0,10
breast_cancer,quantum,4,2,0.8947368421052628,0.028045798381945732,0.8861120495651212,0.03025343044841971,47.793517000000065,20.31589310823557,134.7,53.707127604774726,34.0,0.0,10
breast_cancer,quantum,4,4,0.9526315789473679,0.019917410954299712,0.9491912753258088,0.021253881416136787,111.77613371999999,156.12729777804503,94.4,19.004093126365056,58.0,0.0,10
breast_cancer,quantum,6,1,0.891228070175438,0.03208389877039824,0.8829197357111254,0.03340559931954545,28.006191189999935,18.93618578110146,84.2,56.03728917228043,32.0,0.0,10
breast_cancer,quantum,6,2,0.8692982456140346,0.039544013587845955,0.8576839064260346,0.04390031026485206,138.35485395,227.82515350654032,119.6,61.20675344001401,50.0,0.0,10
breast_cancer,quantum,6,4,0.9412280701754382,0.028663920311467646,0.9359378065986617,0.03168878936965452,110.77348642,50.24185732725969,84.8,34.12004949846611,86.0,0.0,10
breast_cancer,quantum,8,1,0.8877192982456135,0.03918565045087939,0.8793118627691252,0.04084164233731903,58.65598797000001,35.062879346429895,69.4,24.971984302413777,42.0,0.0,10
breast_cancer,quantum,8,2,0.8526315789473682,0.05077963355811094,0.8401917325889515,0.057317237862951745,134.57774279999998,60.8026669710735,89.9,26.871918427979793,66.0,0.0,10
breast_cancer,quantum,8,4,0.9377192982456135,0.03051320549285259,0.9326198470293617,0.03305941004417129,161.02759453,79.52847103711812,83.4,37.244537257906096,114.0,0.0,10
breast_cancer,quantum,12,4,0.9166666666666663,0.04114399789318799,0.9100351937156232,0.04501240055720268,569.9305183,235.1729929389637,83.375,28.157401970250834,170.0,0.0,8
moons,hybrid,2,1,0.885,0.020241596335818544,0.8849248877214272,0.02020535219075323,10.622329850000005,4.723091093217115,117.7,68.50636628972686,18.0,0.0,10
moons,hybrid,2,2,0.9125,0.036799003609699406,0.9124374241893112,0.03682588668449739,20.448143630000004,14.396819644760656,117.5,49.11041980408367,24.0,0.0,10
moons,hybrid,2,4,0.89375,0.03294039229342065,0.8936821484617188,0.032953556241566956,26.690030410000055,11.983885595921535,109.2,39.26491224150811,36.0,0.0,10
moons,hybrid,4,1,0.89875,0.037010696652004134,0.8985648834565921,0.03714854583418131,21.060295010000072,14.943430148333958,127.3,80.93488466387998,34.0,0.0,10
moons,hybrid,4,2,0.9262500000000001,0.03087272258807116,0.9262220468813464,0.030881115915436363,32.677882350000026,24.23853287218058,108.7,58.45425561924469,46.0,0.0,10
moons,hybrid,4,4,0.91875,0.03397813839645857,0.9186746761973845,0.03397513567928143,48.03549534999995,22.264727439449274,91.7,39.206150311172124,70.0,0.0,10
moons,hybrid,6,1,0.89375,0.04218428485690957,0.8933291330178141,0.042691926832798065,36.02787189000001,52.67448082636908,81.4,42.31942028588451,50.0,0.0,10
moons,hybrid,6,2,0.925,0.03333333333333332,0.9249487672888297,0.033335284823620664,51.42246785,32.86716674486769,74.0,22.02019275321833,68.0,0.0,10
moons,hybrid,6,4,0.9237500000000001,0.028534822780439884,0.9236484053967089,0.028596016928313792,58.592237910000016,25.12379314699095,78.6,37.78653493272732,104.0,0.0,10
moons,hybrid,8,1,0.8800000000000001,0.05006939628599935,0.8796082855579568,0.05037783251446392,49.15650741,48.57689538630615,80.0,43.64503280888776,66.0,0.0,10
moons,hybrid,8,2,0.93125,0.02517301244498868,0.9311989464853296,0.025184659830029398,84.75182705000002,30.237525110481787,80.0,25.197001585285676,90.0,0.0,10
moons,hybrid,8,4,0.92125,0.027035213662513848,0.921162437574997,0.027052235200009603,250.71262108000002,118.11556991237781,76.6,31.091978243770708,138.0,0.0,10
moons,quantum,2,1,0.8237500000000001,0.03701069665200408,0.8229200497712472,0.03706717234641342,6.437830100000019,1.6402001183036954,85.6,29.534161011727868,12.0,0.0,10
moons,quantum,2,2,0.8925000000000001,0.025138505214997272,0.8924554177802705,0.025172620444870907,21.69068741999995,21.005416507926878,95.3,47.18768671780572,18.0,0.0,10
moons,quantum,2,4,0.89375,0.029609730007399804,0.8937240010411234,0.029606308190050525,16.85218166999989,8.12369441323514,74.5,37.03526847629312,30.0,0.0,10
moons,quantum,4,1,0.86875,0.04177070344950713,0.8683895072430824,0.0421884267626244,40.18811933000002,13.538192846847398,244.3,73.59506324022918,22.0,0.0,10
moons,quantum,4,2,0.9237500000000001,0.023161570182812122,0.9236098780213039,0.023208523723203037,67.35373170000003,53.476339985569666,188.4,53.13337515682168,34.0,0.0,10
moons,quantum,4,4,0.9262499999999999,0.03143003694274351,0.9261193357749559,0.03154698316679081,124.34188130999999,114.97056510409249,152.5,50.75704658249708,58.0,0.0,10
moons,quantum,6,1,0.8975,0.04073968853860103,0.8973077989197747,0.041020424263425774,44.25131069000001,23.162635802602555,178.4,94.45657438444634,32.0,0.0,10
moons,quantum,6,2,0.9237500000000001,0.018114220932736735,0.9236668072862244,0.01812733113911646,120.99667096999997,174.92966390829056,177.2,63.27154881057432,50.0,0.0,10
moons,quantum,6,4,0.93125,0.023753654689565366,0.9311211709855189,0.023785962186083816,197.43445961000003,225.11163137982936,109.4,44.939959946577616,86.0,0.0,10
moons,quantum,8,1,0.8612500000000001,0.061081116376321895,0.8599733073873856,0.0625465614459655,77.24626101999998,36.40559536855369,177.1,80.96151349046451,42.0,0.0,10
moons,quantum,8,2,0.93125,0.02651650429449553,0.9311569754368,0.0265448614111744,208.88977354999997,224.04798880877738,147.8,47.9393134888035,66.0,0.0,10
moons,quantum,8,4,0.93,0.022973414586817033,0.9299094831891732,0.023000327652482087,279.31578456,115.00673651560923,87.5,18.458662525281245,114.0,0.0,10
wine,hybrid,2,1,0.9583333333333333,0.039825579940012255,0.9567628459830159,0.045308943760811266,17.061013779999985,18.150606309734847,222.0,68.63591544438589,43.0,0.0,10
wine,hybrid,2,2,0.9583333333333333,0.05438583390958685,0.9582490005092386,0.05404084265030382,14.185433960000001,5.105964203301439,199.9,69.66977664509754,49.0,0.0,10
wine,hybrid,2,4,0.9694444444444443,0.02432208432696998,0.9692357898873322,0.025371757967290826,37.014167709999946,35.8720319201441,209.2,86.77275558094895,61.0,0.0,10
wine,hybrid,4,1,0.9416666666666664,0.049776592798946924,0.9425578868732026,0.04809432391716634,9.919571870000027,6.710422571804775,115.4,69.27272992391097,83.0,0.0,10
wine,hybrid,4,2,0.9749999999999999,0.020496244093684106,0.9746193246760327,0.021362893528486433,26.193397199999982,15.261118151543116,168.3,81.94042551349933,95.0,0.0,10
wine,hybrid,4,4,0.9722222222222221,0.0226804605813259,0.9726418443803434,0.022476104864205253,127.33974751000001,233.5549050187419,165.4,84.78233568641787,119.0,0.0,10
wine,hybrid,6,1,0.9166666666666664,0.11111111111111105,0.9197708032515116,0.10724050307941901,27.22504921000002,27.26603598164021,122.8,56.30038484178713,123.0,0.0,10
wine,hybrid,6,2,0.9722222222222221,0.03207501495497945,0.9727945790401928,0.03040284414466877,66.68316644000001,60.527762581531164,153.9,90.44636225102946,141.0,0.0,10
wine,hybrid,6,4,0.9749999999999999,0.01576795033882086,0.9753324709840134,0.01582964428973044,88.51926168000003,53.738782428704255,191.0,105.32383923457742,177.0,0.0,10
wine,hybrid,8,1,0.8888888888888884,0.07856742013183862,0.8885114142674239,0.07794786984282291,69.41573314,69.31723629120799,98.8,27.927684393009667,163.0,0.0,10
wine,hybrid,8,2,0.9583333333333333,0.041923079343228864,0.9567856844372267,0.04557490392553752,114.41376648999999,100.39166430269674,121.3,58.704627869813926,187.0,0.0,10
wine,hybrid,8,4,0.9833333333333332,0.01434438276373124,0.9835767195767195,0.014168670115648194,103.08858595,57.4557552104907,148.7,76.55361229592994,235.0,0.0,10
wine,hybrid,12,4,1.0,,1.0,,208.86615719999963,,84.0,,351.0,,1
wine,quantum,2,1,0.919444444444444,0.0443092078296497,0.9221253877393977,0.04497736365349755,14.18289451999999,10.304842331758486,266.7,56.82927649254974,15.0,0.0,10
wine,quantum,2,2,0.9638888888888888,0.022868683398571385,0.9654110230474414,0.021428817829765398,13.532694459999993,5.457216104924565,190.3,53.71333374705225,21.0,0.0,10
wine,quantum,2,4,0.9666666666666665,0.03153590067764169,0.9684079154647554,0.029872858936162604,24.166124110000055,7.4169757557731835,194.2,53.92340246435989,33.0,0.0,10
wine,quantum,4,1,0.9249999999999996,0.04151205883603698,0.9262232891030502,0.042170247705135666,33.767894509999905,48.988479617022044,237.9,68.4015107045646,27.0,0.0,10
wine,quantum,4,2,0.8972222222222218,0.06286757480284418,0.8986028514244035,0.06273376258480678,24.006388600000037,6.925380123888129,187.0,65.83818547519871,39.0,0.0,10
wine,quantum,4,4,0.9499999999999996,0.021911406604072835,0.9530364313753423,0.021309310916087447,155.01549419999998,145.923959241043,181.5,59.108657008371736,63.0,0.0,10
wine,quantum,6,1,0.8694444444444439,0.05863385258884263,0.8706482308485359,0.05895331720573404,28.146651720000044,16.995490353072928,207.2,64.86190458710465,39.0,0.0,10
wine,quantum,6,2,0.8666666666666665,0.06113916303414499,0.8680947069094929,0.05667922451403831,52.51234962000003,47.668901423136035,200.2,75.49805001160995,57.0,0.0,10
wine,quantum,6,4,0.9638888888888888,0.026352313834736688,0.9654550744249578,0.025652622981515764,173.53635229000002,182.8342986170566,191.3,73.78053040380414,93.0,0.0,10
wine,quantum,8,1,0.8916666666666663,0.07573372239510567,0.8939286757796479,0.0736185259319906,52.829304119999996,14.717148433965516,228.3,61.62439992946517,51.0,0.0,10
wine,quantum,8,2,0.8527777777777773,0.05563266253999936,0.8512933914583571,0.059022345283233024,109.05610815,59.674379196687774,179.2,65.13712032661901,75.0,0.0,10
wine,quantum,8,4,0.933333333333333,0.05105203241514918,0.933324098251003,0.05164064595610147,280.16912683,171.57268512323128,176.3,79.56276348476926,123.0,0.0,10
