dataset,model,accuracy_mean,accuracy_std,f1_mean,f1_std,train_time_mean,train_time_std,epochs_mean,epochs_std,n_params_mean,n_params_std,runs
breast_cancer,bottleneck,0.9807017543859645,0.009958705477150111,0.9791793464262476,0.010803611464333623,0.8925366999999822,0.2868316962624677,54.7,15.158789163019877,154.0,0.0,10
breast_cancer,classical,0.9763157894736839,0.011732399209203938,0.9746417613723717,0.012522431462258937,0.549028350000162,0.23953193325917052,43.3,23.366880645715447,1554.0,0.0,10
breast_cancer,classical_matched,0.9763157894736837,0.008321783316232652,0.9745192943753119,0.008864987040921554,0.3891639800000116,0.12497450168805195,50.1,15.996180099566828,167.0,0.0,10
breast_cancer,hybrid,0.9675438596491224,0.013745800319933391,0.9651798426840503,0.01459082469536003,11.278587220000144,2.4473967509508645,64.0,13.45775282545757,158.0,0.0,10
breast_cancer,quantum,0.8947368421052628,0.028045798381945732,0.8861120495651212,0.03025343044841972,23.49071390000008,9.420157673600501,134.7,53.707127604774726,34.0,0.0,10
circles,bottleneck,0.99,0.01148670729340853,0.9899964823596086,0.011491339702345092,1.7604913199999825,0.6440659247731084,177.3,49.41446032174073,42.0,0.0,10
circles,classical,0.9949999999999999,0.006454972243679015,0.9949992186279104,0.006455980990709093,1.161851100000012,0.7167576520418777,121.0,78.07119258158615,658.0,0.0,10
circles,classical_matched,0.99375,0.006588078458684088,0.993749023284888,0.006589108006810454,1.9411179600000197,0.6697075372198612,255.1,72.43763601271863,47.0,0.0,10
circles,hybrid,0.99,0.014191155304938682,0.989994523793263,0.014202569152851632,32.212129469999994,8.56902308530773,230.7,63.00978759949388,46.0,0.0,10
circles,quantum,0.9962500000000001,0.006038073644245589,0.9962494139709328,0.006039017240689703,34.17857748999991,9.34610191519987,249.0,67.51625318724703,34.0,0.0,10
iris,bottleneck,0.9633333333333332,0.042889464590264166,0.9635188982557402,0.042467014952599184,0.6419712200000499,0.3243193328358232,168.5,84.44755111244427,55.0,0.0,10
iris,classical,0.9566666666666663,0.035311663515712605,0.9567502088554718,0.03507790613903481,0.3446413300000126,0.17491699597381966,104.6,53.89949494712873,739.0,0.0,10
iris,classical_matched,0.9666666666666665,0.03513641844631534,0.9666165413533834,0.0351893080553528,0.5579814900000197,0.18524896020185996,218.4,74.67738018376858,59.0,0.0,10
iris,hybrid,0.973333333333333,0.034426518632954844,0.97321586795271,0.034578474694917635,10.422301590000007,3.605645363259291,214.5,71.72052240003089,59.0,0.0,10
iris,quantum,0.9266666666666662,0.04661372658534009,0.9259627604364444,0.0479662581766369,12.553880079999953,3.308303175753972,261.3,57.269441143500686,39.0,0.0,10
moons,bottleneck,0.9325000000000001,0.022973414586817027,0.9324307347630549,0.022975636134431546,1.0342075800000197,0.24572862366894707,95.3,20.456186241710736,42.0,0.0,10
moons,classical,0.93,0.030161601784756423,0.9298918500830495,0.03027985291007995,0.5390217399999979,0.24409046468380313,55.1,19.069754994638906,658.0,0.0,10
moons,classical_matched,0.9337500000000001,0.021286732957408058,0.9336644212755768,0.021312332573294564,0.7755638199999788,0.2301922393670111,124.7,33.223318450884605,47.0,0.0,10
moons,hybrid,0.9262500000000001,0.030872722588071153,0.9262220468813464,0.03088111591543635,15.031820739999967,8.019469242991939,108.7,58.45425561924469,46.0,0.0,10
moons,quantum,0.9237500000000001,0.023161570182812147,0.9236098780213039,0.02320852372320306,24.06273916,7.056927167113425,188.4,53.133375156821685,34.0,0.0,10
wine,bottleneck,0.9694444444444443,0.02432208432696999,0.9699823139823138,0.024403506942074046,1.0333267099998462,0.701717852955698,188.5,118.42695826729843,91.0,0.0,10
wine,classical,0.9805555555555555,0.018748571047515487,0.9812090594914181,0.017807225867607242,0.33703092999994577,0.44276843822136724,74.5,82.06670728404086,1027.0,0.0,10
wine,classical_matched,0.9749999999999999,0.015767950338820832,0.9752701126034458,0.015609321561350397,0.8587024100000231,0.40084541939378265,181.8,90.2721810230963,88.0,0.0,10
wine,hybrid,0.9749999999999999,0.02049624409368409,0.9746193246760327,0.021362893528486426,11.657998990000078,5.563393473916674,168.3,81.94042551349933,95.0,0.0,10
wine,quantum,0.8972222222222218,0.06286757480284418,0.8986028514244035,0.06273376258480678,13.332467429999951,4.671851903521362,187.0,65.83818547519871,39.0,0.0,10
