dataset,model,n_qubits,n_train,accuracy_mean,accuracy_std,f1_mean,f1_std,train_time_mean,train_time_std,epochs_mean,epochs_std,n_params_mean,n_params_std,runs
vision:breast,bottleneck,4,436,0.8025641025641022,0.015348961535100639,0.7356379134650629,0.02442546837092062,1.5700440300000986,2.861544175534211,24.4,2.2705848487901865,2082.0,0.0,10
vision:breast,bottleneck,8,100,0.7365384615384611,0.03132364942375474,0.689297635882162,0.02942646734148726,0.2230238399999048,0.07290399958652659,26.9,4.748099034818507,4194.0,0.0,10
vision:breast,bottleneck,8,250,0.7948717948717945,0.017359056420162163,0.7390889956824432,0.020152723090668862,0.41972568999994986,0.3136790406804469,24.3,1.3374935098492586,4194.0,0.0,10
vision:breast,bottleneck,8,436,0.808333333333333,0.01694647868281893,0.752068064401607,0.025620446255017672,0.9210597900000262,0.12212651282400387,23.7,1.8287822299126928,4194.0,0.0,10
vision:breast,classical_matched,4,436,0.8044871794871792,0.031001320787493576,0.7205563438001229,0.10699915006140831,1.5015642600001224,2.1365239633475603,22.5,1.269295517643984,2062.0,0.0,10
vision:breast,classical_matched,8,100,0.769230769230769,0.03183688979861396,0.7102420579232607,0.035244904081893035,0.13919781000008663,0.03011665759568801,22.8,1.8135294011647252,4122.0,0.0,10
vision:breast,classical_matched,8,250,0.7948717948717945,0.01351400709473672,0.7287859812403823,0.01939390848780793,0.4752036200000925,0.3398578936820632,21.6,0.8432740427115679,4122.0,0.0,10
vision:breast,classical_matched,8,436,0.8147435897435893,0.015541108158946963,0.7524758491433191,0.022657208061437648,3.5175284800000326,2.9024910294266215,22.2,0.7888106377466153,4122.0,0.0,10
vision:breast,hybrid,4,436,0.7217948717948712,0.02057282889215558,0.4424255822445552,0.019238114376657706,10.691587359999994,3.95450359091839,30.0,13.152946437965905,2086.0,0.0,5
vision:breast,hybrid,8,100,0.7108974358974354,0.027604654461057435,0.44584635413382356,0.0233809230889167,13.764773670000068,7.657842612050227,43.5,12.989311845599143,4170.0,0.0,10
vision:breast,hybrid,8,250,0.7205128205128201,0.02325037693800926,0.44029469003580984,0.02799152774596712,26.128066419999914,7.0589970515841785,47.6,11.147495981908525,4170.0,0.0,10
vision:breast,hybrid,8,436,0.7333333333333327,0.004482089094744387,0.44087301477591334,0.03758611330335276,61.65292857000004,35.506733644976,38.7,15.026273286776362,4170.0,0.0,10
vision:breast,quantum,4,436,0.7769230769230766,0.010533126105868748,0.6563293305950152,0.01596545734967462,15.212428619999992,4.223956242526501,40.2,8.043631020876083,34.0,0.0,5
vision:breast,quantum,8,100,0.7410256410256405,0.018919609932631413,0.5666073694803048,0.10307744990311443,23.867646689999994,13.773275849076187,78.7,39.54758034458127,66.0,0.0,10
vision:breast,quantum,8,250,0.7589743589743587,0.01867672938753175,0.6193266146933077,0.039029281835296345,30.19323716999993,12.738732225018978,54.2,25.844836148746534,66.0,0.0,10
vision:breast,quantum,8,436,0.7679487179487174,0.018331291102159794,0.6375759838236638,0.03583378904766181,337.79129720000003,320.58934526005623,48.7,20.325408291648714,66.0,0.0,10
vision:fashion,bottleneck,4,2000,0.7206,0.048966995687571714,0.6961039994521012,0.06976679587653663,12.84359830000003,17.467802641062153,41.3,17.926082796987313,2122.0,0.0,10
vision:fashion,bottleneck,8,100,0.6312,0.021467287775693636,0.6251207939757698,0.02397282956957522,0.33762830999999044,0.08283230206100944,41.9,9.700515450222218,4266.0,0.0,10
vision:fashion,bottleneck,8,250,0.71235,0.01666674999979165,0.711358469212099,0.01591414188671462,0.4467609899999386,0.06664000758724768,31.9,4.1486276177925525,4266.0,0.0,10
vision:fashion,bottleneck,8,500,0.73525,0.01974032815217507,0.733775416777894,0.023135766005968155,1.0417541200000866,0.26203406906566223,30.4,4.718756898449704,4266.0,0.0,10
vision:fashion,bottleneck,8,1000,0.75975,0.0124794275153595,0.7584091368482887,0.01490990525966302,2.408986569999979,0.5962710292890725,29.7,3.056868404829434,4266.0,0.0,10
vision:fashion,bottleneck,8,2000,0.7732500000000001,0.010638635041938209,0.7709134571188662,0.01716128012135012,4.443375150000065,0.8414058432488648,28.6,6.636598861197236,4266.0,0.0,10
vision:fashion,classical_matched,4,2000,0.7633500000000001,0.021330794119717604,0.7594606013987062,0.0260186806198259,11.752427020000004,11.477302431841665,26.0,1.1547005383792515,2102.0,0.0,10
vision:fashion,classical_matched,8,100,0.6588,0.030886170943572086,0.6441436906847888,0.04429450384105538,0.1528458100000074,0.016731525205706654,27.9,2.8460498941515415,4194.0,0.0,10
vision:fashion,classical_matched,8,250,0.74325,0.025859932542663618,0.7383228749500887,0.03791481090615423,0.2738857499999988,0.0396322287255842,25.5,1.90029237516523,4194.0,0.0,10
vision:fashion,classical_matched,8,500,0.77185,0.010400454049917447,0.7720916794858453,0.010687723199965266,0.6050784900000958,0.13401856464004225,23.7,0.9486832980505139,4194.0,0.0,10
vision:fashion,classical_matched,8,1000,0.79165,0.012425444324717986,0.7905993281638639,0.014548704689000451,1.5064390799999496,0.21299687718487528,22.9,1.1005049346146119,4194.0,0.0,10
vision:fashion,classical_matched,8,2000,0.8097,0.007356780696896055,0.8108442209882838,0.007399314577277206,2.6927277500000852,0.1255763227468459,22.5,0.52704627669473,4194.0,0.0,10
vision:fashion,hybrid,4,2000,0.1209375,0.008466056174090577,0.05541211715523088,0.008620457926371354,52.38526566249993,12.049131313212158,27.125,5.718079098038831,2126.0,0.0,8
vision:fashion,hybrid,8,100,0.10464999999999999,0.014868030580185569,0.0582201438057909,0.011542982615373875,12.086087730000054,4.5404213054089135,45.4,10.77239269820983,4242.0,0.0,10
vision:fashion,hybrid,8,250,0.1146,0.011268934682963106,0.0749246537243198,0.0127680137913556,28.199464699999954,19.253838795423828,39.5,11.118053386771942,4242.0,0.0,10
vision:fashion,hybrid,8,500,0.1343,0.011937801770473115,0.0765817544175246,0.0142311726914106,53.99354212000012,19.8352137290936,33.7,11.518584017915474,4242.0,0.0,10
vision:fashion,hybrid,8,1000,0.1236,0.015307587080340985,0.0665271218218506,0.012419869087357772,335.20094471000004,328.7251806185332,37.9,14.27857758244069,4242.0,0.0,10
vision:fashion,hybrid,8,2000,0.11833333333333333,0.006633249580710799,0.054757464546696784,0.009961186399557342,427.30816378888886,471.9760914209607,40.44444444444444,14.60403292853648,4242.0,0.0,9
vision:fashion,quantum,8,100,0.50695,0.03129381373015722,0.4899692868790197,0.034923441446522,39.72434336999995,11.75530036923922,137.8,18.91971341103124,138.0,0.0,10
vision:fashion,quantum,8,250,0.58815,0.020884670082250405,0.5805109227673644,0.0231663137175033,82.05923907999995,19.29981655210889,150.0,0.0,138.0,0.0,10
vision:fashion,quantum,8,500,0.61565,0.02049125829876409,0.6092561884451412,0.02100038929322172,231.60339093,69.00679102749145,150.0,0.0,138.0,0.0,10
vision:fashion,quantum,8,1000,0.625388888888889,0.008648619029134733,0.6184138723636655,0.011980602127468196,479.0950298111111,163.46583583731154,150.0,0.0,138.0,0.0,9
vision:fashion,quantum,8,2000,0.6388333333333334,0.007973915809270465,0.6325788530694371,0.010885994299397062,710.2026980999999,81.4991893025899,144.66666666666666,9.237604307034013,138.0,0.0,3
vision:mnist,bottleneck,4,2000,0.8417,0.037307431490849724,0.8281661452693415,0.04919627137576063,6.79384086999994,2.4807352372275724,59.1,17.181708620248195,2122.0,0.0,10
vision:mnist,bottleneck,8,50,0.6361000000000001,0.046387498315817795,0.6232434695026771,0.044520031442673254,0.2377881200000042,0.06089499648621154,56.2,14.737706741552433,4266.0,0.0,5
vision:mnist,bottleneck,8,100,0.6911,0.03083540533578607,0.6812453090133795,0.03631503062665889,0.5201187800000749,0.47502379093102987,52.6,14.668181739927943,4266.0,0.0,10
vision:mnist,bottleneck,8,250,0.7943,0.01844089657979423,0.7888963834136083,0.01931195648978858,0.5092773200000005,0.10130503293810408,38.1,7.651434142985512,4266.0,0.0,10
vision:mnist,bottleneck,8,500,0.83865,0.01617276517276292,0.8354659437922862,0.016356170687452543,1.4024943399999752,0.31237857584560824,35.7,6.700746227100382,4266.0,0.0,10
vision:mnist,bottleneck,8,1000,0.87045,0.01042286482264406,0.8672787919827531,0.010341984471077436,2.741257849999988,0.9732008163267009,36.2,11.262523893179734,4266.0,0.0,10
vision:mnist,bottleneck,8,2000,0.8984,0.01610003450651927,0.8959544476446186,0.016521079245969062,5.415251489999991,1.1914287190789525,36.0,7.958224257542214,4266.0,0.0,10
vision:mnist,classical_matched,4,2000,0.8754500000000001,0.016922125556009013,0.8719918360591089,0.017886104399978585,2.369200930000079,0.4104000928032486,28.3,2.6687491868330793,2102.0,0.0,10
vision:mnist,classical_matched,8,50,0.6258888888888889,0.09263091336649501,0.6001392511148401,0.11022862957070037,0.10558248888896178,0.07133422945511413,33.333333333333336,15.198684153570662,4194.0,0.0,9
vision:mnist,classical_matched,8,100,0.71715,0.04349651965643025,0.704489916871027,0.04856991207986963,0.24386399999993902,0.21406304442183283,33.5,12.402956636759372,4194.0,0.0,10
vision:mnist,classical_matched,8,250,0.8386000000000001,0.026077661790207474,0.8334573474044685,0.027232867277303473,0.5563868499999438,0.8391846660865587,28.2,5.072803301265814,4194.0,0.0,10
vision:mnist,classical_matched,8,500,0.8829500000000001,0.009951130589033576,0.8794659613612001,0.01085138574428408,0.7034950200000363,0.22776115018827428,26.3,4.110960958218892,4194.0,0.0,10
vision:mnist,classical_matched,8,1000,0.9139000000000002,0.004647580015448917,0.9118413299976103,0.00487018839521181,1.353478389999986,0.24985223027885214,25.1,2.685351208149711,4194.0,0.0,10
vision:mnist,classical_matched,8,2000,0.9368000000000001,0.006976946164173699,0.9350835702864488,0.007296142259797272,2.064824480000061,0.1940943168134976,24.6,1.4298407059684797,4194.0,0.0,10
vision:mnist,hybrid,4,2000,0.13593750000000002,0.01288808281209539,0.05204767194121025,0.010126278537055711,38.90946025000005,14.877226164830146,27.75,10.938137736509681,2126.0,0.0,8
vision:mnist,hybrid,8,100,0.11320000000000001,0.01927606460527321,0.06342234582226461,0.009338674394810197,16.88960009999996,14.92766112617212,45.4,12.185601704014822,4242.0,0.0,10
vision:mnist,hybrid,8,250,0.12555,0.016624028793686966,0.0636961012131514,0.01311341436661024,30.285471949999966,13.902533999932182,47.9,13.916017948952048,4242.0,0.0,10
vision:mnist,hybrid,8,500,0.1348,0.013248060654718905,0.05945745902733061,0.005868932727243647,80.39350503999995,86.67607358224623,38.0,7.7746025264604,4242.0,0.0,10
vision:mnist,hybrid,8,1000,0.1464,0.009671837697379145,0.061843630475123,0.011938236458974329,161.04121208000007,148.1845428962394,41.3,15.070574714396999,4242.0,0.0,10
vision:mnist,hybrid,8,2000,0.137375,0.014067545391195055,0.0575774229508045,0.005312690223717139,132.99105754999985,40.1569416848825,26.5,3.0,4242.0,0.0,4
vision:mnist,quantum,8,100,0.38734999999999997,0.09391634871286017,0.35519976833786115,0.11220143474350172,40.11287428000005,19.25705687996707,122.8,41.82184437189095,138.0,0.0,10
vision:mnist,quantum,8,250,0.49405,0.03263727419173769,0.4775880395193015,0.037798803850209894,78.78503472999996,32.9895708263357,130.0,28.554042329122744,138.0,0.0,10
vision:mnist,quantum,8,500,0.5298,0.04489630026826015,0.5153060838472252,0.047805331372224494,245.30060953999987,118.7804624289962,144.5,17.392527130926087,138.0,0.0,10
vision:mnist,quantum,8,1000,0.5475,0.027348446025322878,0.5349450132396261,0.02883031248454952,404.22260671111104,39.70408422858539,147.11111111111111,6.990072325170255,138.0,0.0,9
vision:mnist,quantum,8,2000,0.5525,0.013435028842544454,0.54311855865819,0.013364500172431371,531.5126213500001,29.23073954306642,99.5,0.7071067811865476,138.0,0.0,2
vision:pneumonia,bottleneck,4,2000,0.8365384615384611,0.02982855471861901,0.808735481628581,0.041542881064830756,3.6366966500000673,1.168586946227274,32.7,6.2012543533994435,2082.0,0.0,10
vision:pneumonia,bottleneck,8,100,0.8118589743589739,0.026647363849846468,0.7951838582617092,0.032220329671124044,0.36865728000002473,0.28041572872150444,48.0,30.998207833500455,4194.0,0.0,10
vision:pneumonia,bottleneck,8,250,0.8355769230769227,0.017263449836874632,0.8156480240735083,0.021202636842773976,0.3785603799999984,0.08811297292321509,28.6,6.449806198638839,4194.0,0.0,10
vision:pneumonia,bottleneck,8,500,0.8366987179487175,0.01985067460492064,0.8143529154580792,0.02538996967911878,0.8972895299998978,0.3126998080085713,26.4,4.6475800154489,4194.0,0.0,10
vision:pneumonia,bottleneck,8,1000,0.8407051282051279,0.012957776583724373,0.817447379077892,0.016475151553937344,2.2425422199999727,0.27822435767731857,27.3,3.6224607965059086,4194.0,0.0,10
vision:pneumonia,bottleneck,8,2000,0.8402243589743585,0.012182532607705914,0.8150856373148775,0.01594658623488425,7.501305309999998,13.074158304234738,28.9,8.646772037394456,4194.0,0.0,10
vision:pneumonia,classical_matched,4,2000,0.8514423076923073,0.013807494899746663,0.8289349792650536,0.018814462443096123,3.6045352299999194,3.976823014978658,22.3,1.494434118097326,2062.0,0.0,10
vision:pneumonia,classical_matched,8,100,0.8067307692307688,0.024840605168404948,0.7896391061476274,0.025888913102860393,0.4612583400000398,0.8282845903272683,41.6,41.392967733393775,4122.0,0.0,10
vision:pneumonia,classical_matched,8,250,0.8336538461538459,0.02097393928208735,0.8152077841214014,0.022474804691885824,0.22843724999993303,0.021704467051333564,23.2,2.1499353995462793,4122.0,0.0,10
vision:pneumonia,classical_matched,8,500,0.8342948717948712,0.02001887030737173,0.8090722024503714,0.025776312862975114,0.559654959999943,0.09032879892561702,22.8,1.9321835661585922,4122.0,0.0,10
vision:pneumonia,classical_matched,8,1000,0.8383012820512817,0.01804338207935848,0.812308043237288,0.0235546965922956,1.2523946799999972,0.11915347760779765,22.0,0.6666666666666662,4122.0,0.0,10
vision:pneumonia,classical_matched,8,2000,0.844391025641025,0.022095634064389923,0.8184128407330986,0.029615002666684632,16.697098410000002,8.260260542065119,21.8,0.7888106377466156,4122.0,0.0,10
vision:pneumonia,hybrid,4,2000,0.625,0.0,0.384615384615384,0.0,43.42332426000003,12.839866141482439,31.0,8.426149773176359,2086.0,0.0,5
vision:pneumonia,hybrid,8,100,0.6157051282051278,0.01651323746177803,0.4128130639297568,0.029109325423646287,15.685455630000025,7.477712697488418,44.1,7.964504588066564,4170.0,0.0,10
vision:pneumonia,hybrid,8,250,0.621955128205128,0.00690116361526458,0.3916331569806274,0.013783285651075455,28.027699050000045,8.60463262969906,51.0,11.372481406154654,4170.0,0.0,10
vision:pneumonia,hybrid,8,500,0.6251602564102564,0.000506775266052626,0.3858629910464647,0.003945277945688901,73.38927220999999,31.912485627127975,48.7,19.304864096330174,4170.0,0.0,10
vision:pneumonia,hybrid,8,1000,0.625,0.0,0.384615384615384,0.0,151.50995917999995,48.27956821908493,48.9,11.836384583140243,4170.0,0.0,10
vision:pneumonia,hybrid,8,2000,0.625,0.0,0.384615384615384,0.0,352.34460060000004,361.68728014651975,37.1,14.62456077213185,4170.0,0.0,10
vision:pneumonia,quantum,4,2000,0.7443910256410251,0.023796862828393224,0.6932100377576371,0.03697577795684186,52.34435699999972,1.9763689688492185,38.5,0.7071067811865476,34.0,0.0,2
vision:pneumonia,quantum,8,100,0.6919871794871791,0.03663610933585357,0.5897219089748044,0.08098269987600812,22.363921219999973,16.82538808278436,67.2,18.54004674571597,66.0,0.0,10
vision:pneumonia,quantum,8,250,0.6850961538461535,0.018353848870309403,0.5937656333354888,0.039825158988659626,47.829475980000055,30.28659909652332,57.3,13.400248753910008,66.0,0.0,10
vision:pneumonia,quantum,8,500,0.6838141025641022,0.025929313298168003,0.6018454103632209,0.05084727269277839,86.57459712000005,37.49675400786866,60.5,30.794119207695775,66.0,0.0,10
vision:pneumonia,quantum,8,1000,0.7081730769230765,0.0254112972739977,0.6449153427952813,0.03915373028045524,213.43841712999998,136.68265277698288,65.6,30.15957559383089,66.0,0.0,10
vision:pneumonia,quantum,8,2000,0.7131410256410254,0.009674556771514351,0.6526018257886569,0.01612033163829809,883.2110097699999,572.0740267603969,59.4,28.36351333824653,66.0,0.0,10
