dataset,n_qubits,n_train,mean,std
vision:breast,4,100,0.7557692307692305,0.03921973477574649
vision:breast,8,100,0.7474358974358972,0.037402318781266895
vision:breast,12,100,0.7487179487179483,0.04630396605327032
vision:fashion,4,100,0.4779000000000001,0.05841556109272408
vision:fashion,4,500,0.6199,0.045365674738115015
vision:fashion,4,2000,0.7412,0.026394654340941424
vision:fashion,8,100,0.54105,0.03781860946970711
vision:fashion,8,500,0.69465,0.029816149613553007
vision:fashion,8,2000,0.7907,0.01428519046658692
vision:fashion,12,100,0.4548,0.043458281399777206
vision:fashion,12,500,0.6971,0.016456677131858093
vision:fashion,12,2000,0.7894,0.012253797597298355
vision:mnist,4,100,0.4525,0.10191799535792381
vision:mnist,4,500,0.72095,0.048286442771812835
vision:mnist,4,2000,0.8484999999999999,0.050724747411889586
vision:mnist,8,100,0.5497,0.05123540442571591
vision:mnist,8,500,0.8029999999999999,0.02921947600108151
vision:mnist,8,2000,0.9124500000000001,0.015526768999233395
vision:mnist,12,100,0.5168,0.03279668004878273
vision:mnist,12,500,0.7722,0.04967740376111096
vision:mnist,12,2000,0.8902000000000001,0.01642017728960993
vision:pneumonia,4,100,0.7679487179487176,0.041931549018925936
vision:pneumonia,4,500,0.8342948717948712,0.008586979186927498
vision:pneumonia,4,2000,0.8429487179487177,0.00909689442624257
vision:pneumonia,8,100,0.7980769230769227,0.01871946097001631
vision:pneumonia,8,500,0.8339743589743586,0.012869386898634975
vision:pneumonia,8,2000,0.8374999999999997,0.01611796766294543
vision:pneumonia,12,100,0.7336538461538457,0.06785996461303595
vision:pneumonia,12,500,0.8394230769230765,0.01205893252950632
vision:pneumonia,12,2000,0.8432692307692304,0.010269756274100587
