init,cost,n_layers,n_qubits,ansatz,grad_var,grad_mean_abs,samples
uniform,local,5,2,hea,0.1362760066986084,0.3036629855632782,1000
uniform,global,5,2,hea,0.1362760066986084,0.3036629855632782,1000
small,local,5,2,hea,0.25351840257644653,0.4155854284763336,1000
small,global,5,2,hea,0.25351840257644653,0.4155854284763336,1000
zero,local,5,2,hea,0.24011938273906708,0.3933834433555603,1000
zero,global,5,2,hea,0.24011938273906708,0.3933834433555603,1000
uniform,local,5,4,hea,0.08123032003641129,0.22688591480255127,1000
uniform,global,5,4,hea,0.02884257398545742,0.12997861206531525,1000
small,local,5,4,hea,0.2590924799442291,0.41753605008125305,1000
small,global,5,4,hea,0.0648363009095192,0.18117746710777283,1000
zero,local,5,4,hea,0.26305052638053894,0.4164043366909027,1000
zero,global,5,4,hea,0.06390780210494995,0.16548846662044525,1000
uniform,local,5,6,hea,0.08219462633132935,0.22480082511901855,1000
uniform,global,5,6,hea,0.00726758036762476,0.0601608008146286,1000
small,local,5,6,hea,0.25041911005973816,0.4134465157985687,1000
small,global,5,6,hea,0.021386977285146713,0.08704155683517456,1000
zero,local,5,6,hea,0.2554757297039032,0.409352570772171,1000
zero,global,5,6,hea,0.012667806819081306,0.0624188631772995,1000
uniform,local,5,8,hea,0.08048004657030106,0.2246413677930832,1000
uniform,global,5,8,hea,0.001279770745895803,0.024777643382549286,1000
small,local,5,8,hea,0.24885009229183197,0.4080254137516022,1000
small,global,5,8,hea,0.0040367888286709785,0.03432023897767067,1000
zero,local,5,8,hea,0.24627748131752014,0.3985822796821594,1000
zero,global,5,8,hea,0.004181578755378723,0.028743082657456398,1000
uniform,local,5,10,hea,0.08119150996208191,0.22436092793941498,1000
uniform,global,5,10,hea,0.0003993997524958104,0.012341647408902645,1000
small,local,5,10,hea,0.26291853189468384,0.42653244733810425,1000
small,global,5,10,hea,0.0012741894461214542,0.01700318045914173,1000
zero,local,5,10,hea,0.24926050007343292,0.4106072783470154,1000
zero,global,5,10,hea,0.0007527183624915779,0.010032429359853268,1000
uniform,local,5,12,hea,0.07509104162454605,0.21671506762504578,1000
uniform,global,5,12,hea,8.866625285008922e-05,0.005604774225503206,1000
small,local,5,12,hea,0.2548281252384186,0.4182988107204437,1000
small,global,5,12,hea,0.00048148806672543287,0.008205089718103409,1000
zero,local,5,12,hea,0.25977155566215515,0.41807666420936584,1000
zero,global,5,12,hea,0.0001762168831191957,0.004197518341243267,1000
uniform,local,5,14,hea,0.07684051990509033,0.21790711581707,1000
uniform,global,5,14,hea,2.405871964583639e-05,0.002547650830820203,1000
small,local,5,14,hea,0.235408753156662,0.4021621346473694,1000
small,global,5,14,hea,5.682287519448437e-05,0.0028002667240798473,1000
zero,local,5,14,hea,0.23536060750484467,0.3907336890697479,1000
zero,global,5,14,hea,5.1533130317693576e-05,0.0017919093370437622,1000
uniform,local,5,16,hea,0.08159931004047394,0.22557438910007477,1000
uniform,global,5,16,hea,3.6486903809418436e-06,0.001099774381145835,1000
small,local,5,16,hea,0.23391108214855194,0.3943106532096863,1000
small,global,5,16,hea,1.5313162293750793e-05,0.0012422995641827583,1000
zero,local,5,16,hea,0.2569672465324402,0.40713924169540405,1000
zero,global,5,16,hea,9.694625077827368e-06,0.0006817600806243718,1000
uniform,local,5,18,hea,0.07333160191774368,0.21314428746700287,1000
uniform,global,5,18,hea,1.1093201237599715e-06,0.00054733402794227,1000
small,local,5,18,hea,0.23580613732337952,0.39728280901908875,1000
small,global,5,18,hea,4.2438932723598555e-06,0.0005966267781332135,1000
zero,local,5,18,hea,0.23989379405975342,0.39449846744537354,1000
zero,global,5,18,hea,1.414219468642841e-06,0.0002338024351047352,1000
uniform,local,5,20,hea,0.07502034306526184,0.21269117295742035,1000
uniform,global,5,20,hea,2.2269743737979297e-07,0.00023523946583736688,1000
small,local,5,20,hea,0.2487141489982605,0.4080216586589813,1000
small,global,5,20,hea,1.9132744455419015e-06,0.0003174043376930058,1000
zero,local,5,20,hea,0.24915215373039246,0.4017088711261749,1000
zero,global,5,20,hea,7.397447916446254e-07,0.00011542223364813253,1000
uniform,local,20,2,hea,0.13445861637592316,0.30216166377067566,1000
uniform,global,20,2,hea,0.13445861637592316,0.30216166377067566,1000
small,local,20,2,hea,0.2404642254114151,0.40974897146224976,1000
small,global,20,2,hea,0.2404642254114151,0.40974897146224976,1000
zero,local,20,2,hea,0.2538048326969147,0.408233106136322,1000
zero,global,20,2,hea,0.2538048326969147,0.408233106136322,1000
uniform,local,20,4,hea,0.034173302352428436,0.14801008999347687,1000
uniform,global,20,4,hea,0.03141973540186882,0.14475306868553162,1000
small,local,20,4,hea,0.23778942227363586,0.40626847743988037,1000
small,global,20,4,hea,0.06816114485263824,0.19456250965595245,1000
zero,local,20,4,hea,0.2491605430841446,0.4046157896518707,1000
zero,global,20,4,hea,0.061806388199329376,0.1640840321779251,1000
uniform,local,20,6,hea,0.013656926341354847,0.09214244782924652,1000
uniform,global,20,6,hea,0.007257756777107716,0.0678030401468277,1000
small,local,20,6,hea,0.23712874948978424,0.4067307114601135,1000
small,global,20,6,hea,0.021994374692440033,0.09882239252328873,1000
zero,local,20,6,hea,0.2521081864833832,0.40654176473617554,1000
zero,global,20,6,hea,0.017589474096894264,0.07099997252225876,1000
uniform,local,20,8,hea,0.009921526536345482,0.07773427665233612,1000
uniform,global,20,8,hea,0.0019696687813848257,0.035381462424993515,1000
small,local,20,8,hea,0.24708260595798492,0.4142918884754181,1000
small,global,20,8,hea,0.007590987253934145,0.050637587904930115,1000
zero,local,20,8,hea,0.24030746519565582,0.3961126506328583,1000
zero,global,20,8,hea,0.003878439776599407,0.027572644874453545,1000
uniform,local,20,10,hea,0.010507463477551937,0.07915113866329193,1000
uniform,global,20,10,hea,0.0005340028437785804,0.018433978781104088,1000
small,local,20,10,hea,0.23570463061332703,0.4037242829799652,1000
small,global,20,10,hea,0.0019707956817001104,0.023742688819766045,1000
zero,local,20,10,hea,0.2377653867006302,0.3915266990661621,1000
zero,global,20,10,hea,0.0007107507553882897,0.010181557387113571,1000
uniform,local,20,12,hea,0.009376130998134613,0.07494756579399109,1000
uniform,global,20,12,hea,0.00010897257016040385,0.00832616537809372,1000
small,local,20,12,hea,0.23887915909290314,0.4111681282520294,1000
small,global,20,12,hea,0.0007636597147211432,0.012701679021120071,1000
zero,local,20,12,hea,0.2502068877220154,0.40491077303886414,1000
zero,global,20,12,hea,0.00024202006170526147,0.004004120826721191,1000
uniform,local,20,14,hea,0.010766847990453243,0.07943394780158997,1000
uniform,global,20,14,hea,2.9447754059219733e-05,0.004263340495526791,1000
small,local,20,14,hea,0.2502920627593994,0.4212213158607483,1000
small,global,20,14,hea,0.00015532893303316087,0.005643435753881931,1000
zero,local,20,14,hea,0.26099705696105957,0.41520047187805176,1000
zero,global,20,14,hea,6.135948933660984e-05,0.002106202533468604,1000
uniform,local,20,16,hea,0.011195030063390732,0.08103946596384048,1000
uniform,global,20,16,hea,8.2108690548921e-06,0.002272645477205515,1000
small,local,20,16,hea,0.24300919473171234,0.4093939960002899,1000
small,global,20,16,hea,5.794556636828929e-05,0.002936946926638484,1000
zero,local,20,16,hea,0.23799264430999756,0.3930358588695526,1000
zero,global,20,16,hea,8.470856300846208e-06,0.0006929045193828642,1000
uniform,local,20,18,hea,0.00979242380708456,0.07794440537691116,1000
uniform,global,20,18,hea,1.818151190491335e-06,0.0010575409978628159,1000
small,local,20,18,hea,0.2512376308441162,0.4229251444339752,1000
small,global,20,18,hea,1.8646076568984427e-05,0.0016118782805278897,1000
zero,local,20,18,hea,0.24057435989379883,0.39636972546577454,1000
zero,global,20,18,hea,1.3044347724644467e-05,0.00042518414556980133,1000
uniform,local,20,20,hea,0.01076484378427267,0.07857797294855118,1000
uniform,global,20,20,hea,4.351050790774025e-07,0.0005098932306282222,1000
small,local,20,20,hea,0.24849480390548706,0.41978293657302856,1000
small,global,20,20,hea,1.0174437193199992e-05,0.000829031749162823,1000
zero,local,20,20,hea,0.24482178688049316,0.40510687232017517,1000
zero,global,20,20,hea,1.1497020295792026e-06,0.000145319543662481,1000
