time,gpu_temp,gpu_util,gpu_power,gpu_mem,cpu_load,python_procs
01:09:29,30,0,24.52,0,9,6
01:09:46,30,0,24.49,0,50,70
01:10:04,32,31,49.72,3892,50,70
01:10:21,35,97,65.55,4292,50,70
01:10:38,37,91,64.56,4488,50,70
01:10:56,38,95,67.00,4488,50,70
01:11:13,38,96,69.97,4488,50,70
01:11:30,38,99,63.53,4488,50,70
01:11:48,39,97,72.94,4488,50,70
01:12:05,39,96,67.49,4488,50,72
01:12:22,39,97,66.05,4488,50,98
01:12:40,38,45,67.54,4490,50,98
01:12:57,38,93,67.49,4490,50,98
01:13:14,38,16,54.19,4490,50,98
01:13:32,38,12,53.69,4490,50,102
01:13:49,38,72,65.02,4490,50,102
01:14:06,38,36,54.68,5104,50,102
01:14:24,38,77,64.07,5411,50,102
01:14:41,38,56,59.11,4490,50,96
01:14:58,38,91,60.10,4490,50,96
01:15:15,39,93,63.57,4490,50,98
01:15:33,39,88,66.50,2343,50,118
01:15:50,39,99,64.07,2343,50,118
01:16:07,39,90,69.97,2343,50,118
01:16:25,39,100,63.57,2345,50,118
01:16:42,39,94,68.53,2345,50,118
01:16:59,39,90,64.07,2740,50,118
01:17:17,39,91,63.08,2744,50,118
01:17:34,40,100,86.64,3254,50,118
01:17:51,43,100,103.39,3254,50,92
01:18:08,44,100,113.12,3254,50,92
01:18:26,42,100,75.91,3256,50,94
01:18:42,44,100,119.69,3256,76,94
01:18:58,45,100,103.32,3256,74,94
01:19:14,45,100,104.87,3256,76,94
01:19:29,46,100,120.44,3256,82,108
01:19:45,46,100,122.50,3256,83,108
01:20:00,46,100,99.43,3256,84,108
01:20:16,46,100,115.17,3256,84,108
01:20:32,47,100,112.77,3256,83,108
01:20:47,43,100,66.54,3256,84,108
01:21:03,42,99,69.52,3256,83,108
01:21:18,41,100,75.37,3256,84,108
01:21:34,42,100,88.79,3256,83,108
01:21:49,44,100,106.78,3256,83,108
01:22:05,45,100,103.95,3256,83,108
01:22:21,45,100,102.89,3256,84,108
01:22:36,45,100,113.42,3256,83,108
01:22:52,46,100,113.69,3256,82,108
01:23:07,46,100,116.65,3256,83,108
01:23:23,46,100,107.90,3256,83,108
01:23:38,46,100,106.42,3256,83,108
01:23:54,47,100,101.34,3256,82,108
01:24:10,47,100,112.85,3256,82,108
01:24:25,47,100,112.06,3256,83,108
01:24:41,47,100,117.07,3256,82,108
01:24:56,47,100,117.56,3256,83,108
01:25:12,47,100,123.48,3256,84,108
01:25:27,47,100,99.93,3256,82,108
01:25:43,47,100,107.48,3256,82,108
01:25:59,47,100,103.39,3256,83,108
01:26:14,47,100,118.96,3256,84,108
01:26:30,47,100,113.12,3256,82,110
01:26:45,47,100,105.86,3256,82,110
01:27:01,46,100,109.39,3256,83,110
01:27:16,46,100,109.74,3256,83,110
01:27:34,45,100,65.06,3256,84,110
01:27:50,43,100,68.98,3256,83,110
01:28:05,45,100,107.27,3256,83,110
01:28:21,45,100,104.37,3256,84,108
01:28:36,46,100,117.14,3256,85,108
01:28:52,46,100,111.64,3256,83,108
01:29:08,47,100,109.39,3256,83,108
01:29:23,47,100,109.67,3256,83,108
01:29:39,47,100,114.11,3256,82,108
01:29:54,47,100,116.16,3256,82,108
01:30:10,43,100,66.05,3256,83,108
01:30:25,42,100,67.04,3256,84,108
01:30:41,42,100,71.95,3256,83,108
01:30:56,43,100,114.60,3256,85,108
01:31:12,44,100,113.27,3256,82,108
01:31:28,45,100,115.51,3256,83,108
01:31:43,45,100,112.21,3256,83,108
01:31:59,46,100,135.33,3258,82,108
01:32:14,46,100,109.74,3258,83,108
01:32:30,47,100,118.13,3258,83,108
01:32:45,47,100,108.82,3258,83,108
01:33:01,47,100,102.89,3258,82,108
01:33:17,47,100,107.41,3258,83,108
01:33:32,47,100,133.12,3258,85,108
01:33:48,47,100,118.63,3258,83,108
01:34:03,47,100,116.57,3258,82,108
01:34:19,47,100,97.52,3260,81,108
01:34:34,47,100,113.27,3260,84,108
01:34:50,47,100,122.24,3260,82,110
01:35:06,47,100,114.03,3260,83,110
01:35:21,47,100,111.44,3260,82,110
01:35:37,47,100,118.70,3260,83,110
01:35:52,47,100,121.25,3260,83,110
01:36:08,44,90,65.02,2349,82,108
01:36:23,43,98,64.07,2349,83,108
01:36:39,42,89,69.47,2349,83,106
01:36:55,42,100,73.49,2349,83,106
01:37:10,41,99,66.50,2349,82,106
01:37:26,41,98,69.97,2349,82,106
01:37:41,40,89,69.97,2349,84,108
01:37:57,40,88,67.54,2349,82,108
01:38:12,40,91,63.61,2349,83,108
01:38:28,40,97,65.06,2349,84,108
01:38:44,40,88,65.51,2349,84,108
01:38:59,40,92,64.07,2349,84,108
01:39:15,40,91,71.41,2349,86,108
01:39:30,40,100,76.46,2349,85,106
01:39:46,41,100,74.38,2349,84,106
01:40:01,40,98,69.52,2349,88,108
01:40:17,43,100,95.79,4018,86,108
01:40:33,44,100,102.89,4018,92,110
01:40:48,44,100,115.89,4018,83,108
01:41:04,44,100,103.45,4018,83,108
01:41:19,45,100,101.34,4018,83,108
01:41:35,45,100,107.41,4018,84,108
01:41:50,45,100,99.50,4018,86,110
01:42:06,45,100,99.43,4018,84,108
01:42:22,45,100,100.55,4018,84,108
01:42:37,45,100,100.98,4018,83,112
01:42:53,45,100,111.44,4020,47,112
01:43:08,45,100,97.52,4020,46,114
01:43:24,45,100,93.07,4020,44,114
01:43:42,NVIDIA-SMIhasfailedbecauseitcouldn'tcommunicatewiththeNVIDIAdriver.MakesurethatthelatestNVIDIAdriverisinstalledandrunning.Thiscanalsobehappeningifnon-NVIDIAGPUisrunningasprimarydisplay,andNVIDIAGPUisinWDDMmode.  FailedtoproperlyshutdownNVML:DriverNotLoaded ,46,114
01:43:58,45,100,103.03,4020,44,114
01:44:13,45,100,106.91,4020,46,112
01:44:29,45,100,95.23,4020,49,112
01:44:44,45,100,90.60,4020,44,75
01:45:00,45,100,100.12,4022,45,48
01:45:15,45,100,104.87,4022,45,50
01:45:31,45,100,98.88,4022,49,50
01:45:46,45,100,100.92,4676,47,56
01:46:02,45,100,99.43,5202,62,76
01:46:17,45,100,95.85,5940,60,74
01:46:33,44,100,79.88,4271,58,72
01:46:48,43,100,82.90,4795,61,74
01:47:04,43,100,82.85,4795,59,74
01:47:19,43,100,86.26,4879,62,76
01:47:35,43,100,106.49,5394,61,76
01:47:50,44,100,95.11,5772,64,74
01:48:06,44,100,96.04,6548,61,74
01:48:21,44,100,96.10,6548,66,76
01:48:37,45,100,104.64,6548,76,100
01:48:52,44,100,100.06,6548,80,102
01:49:08,44,100,97.46,6550,80,100
01:49:24,44,100,91.47,6550,74,100
01:49:40,45,100,85.16,6550,76,100
01:49:55,45,100,97.39,6550,76,100
01:50:11,45,100,107.62,6550,76,102
01:50:26,45,100,98.08,6550,76,102
01:50:42,45,100,90.60,6550,75,102
01:50:58,45,100,86.09,6550,75,102
01:51:13,45,100,95.05,6550,76,102
01:51:29,45,100,93.63,6550,78,102
01:51:45,45,100,102.53,6550,77,102
01:52:00,45,100,99.07,6550,78,102
01:52:16,45,100,93.13,6550,78,102
01:52:31,45,100,98.01,6550,77,102
01:52:47,45,100,95.67,6550,75,102
01:53:03,45,100,101.05,6550,74,102
01:53:19,45,100,95.05,6550,78,102
01:53:34,45,100,103.03,6550,74,100
01:53:50,45,100,94.55,6550,78,100
01:54:05,45,100,96.10,6550,76,100
01:54:21,45,100,96.16,6550,79,100
01:54:36,45,100,97.15,6550,79,102
01:54:52,45,100,95.05,6550,80,100
01:55:08,45,100,102.04,6550,76,100
01:55:23,45,100,97.46,6550,77,100
01:55:39,53,97,223.53,1670,44,2
01:55:54,57,100,226.17,1670,75,88
01:56:10,60,100,229.07,2284,23,88
01:56:25,61,100,230.23,3104,72,88
01:56:41,54,100,114.75,3770,73,88
01:56:56,51,100,108.61,3770,72,88
01:57:12,50,100,118.47,4146,73,90
01:57:28,49,100,108.33,4226,75,92
01:57:43,48,100,102.83,4226,86,112
01:57:59,47,100,105.23,4226,86,112
01:58:15,47,100,97.46,4226,87,112
01:58:31,47,100,104.24,4226,86,112
01:58:47,47,100,113.69,4226,88,112
01:59:03,47,100,116.50,4226,87,112
01:59:19,47,100,106.85,4226,87,112
01:59:35,47,100,109.74,4226,87,112
01:59:55,47,100,103.32,4226,86,112
02:00:10,47,100,103.18,4226,87,112
02:00:26,47,100,101.84,4226,87,112
02:00:42,46,100,98.44,4226,87,112
02:00:58,47,100,105.86,4226,88,112
02:01:14,46,100,102.53,4226,87,112
02:01:30,47,100,115.74,4226,88,112
02:01:46,47,100,102.83,4226,87,112
02:02:02,46,100,99.00,4226,87,112
02:02:18,47,100,113.96,4226,87,112
02:02:34,47,100,106.49,4226,87,110
02:02:49,46,100,111.29,4226,87,110
02:03:05,47,100,103.81,4226,89,110
02:03:21,47,100,108.33,4226,86,112
02:03:37,47,100,111.71,4226,87,112
02:03:53,46,100,105.36,4226,87,112
02:04:08,47,100,112.13,4226,89,112
02:04:24,47,100,107.69,4226,88,112
02:04:40,47,100,111.71,4226,89,112
02:04:56,47,100,108.75,4226,89,112
02:05:12,47,100,110.23,4418,88,112
02:05:28,47,100,116.65,4418,88,112
02:05:44,46,100,115.74,4418,87,112
02:05:59,46,100,101.05,4418,86,112
02:06:15,46,100,100.49,4418,88,112
02:06:31,47,100,109.32,4418,87,112
02:06:47,46,100,108.68,4418,89,112
02:07:03,46,100,104.44,4418,88,112
02:07:19,46,100,105.23,4418,89,112
02:07:35,46,100,97.76,4418,88,112
02:07:50,46,100,114.18,4418,88,112
02:08:07,46,100,100.06,4418,88,112
02:08:22,46,100,107.69,4418,87,112
02:08:38,46,100,106.35,4418,87,112
02:08:54,46,100,101.90,4418,86,112
02:09:10,46,100,98.94,4418,88,112
02:09:26,46,100,105.79,4418,91,112
02:09:42,46,100,103.45,4418,92,112
02:09:58,46,100,99.86,4418,91,114
02:10:14,46,100,99.86,4428,89,116
02:10:30,47,100,113.69,5317,92,120
02:10:46,47,100,107.34,7655,93,120
02:11:02,47,100,106.85,8481,94,122
02:11:18,47,100,109.67,9004,92,122
02:11:34,47,100,107.76,9384,90,122
02:11:50,47,100,105.86,10160,93,122
02:12:06,47,100,105.86,10160,91,122
02:12:22,47,100,108.40,10160,92,122
02:12:38,47,100,116.16,10160,89,122
02:12:54,47,100,98.01,10160,92,122
02:13:10,46,100,109.39,10160,90,122
02:13:26,47,100,105.43,10162,88,122
02:13:41,47,100,105.86,10162,90,122
02:13:57,47,100,106.91,10162,90,122
02:14:13,47,100,99.31,10162,89,122
02:14:29,47,100,100.23,10162,90,122
02:14:45,47,100,108.89,10162,89,122
02:15:01,47,100,107.41,10162,91,122
02:15:17,47,100,109.67,10162,87,122
02:15:32,47,100,104.37,10162,91,122
02:15:48,47,100,111.36,10162,91,122
02:16:07,47,100,107.41,10162,91,122
02:16:23,47,100,98.88,10162,87,122
02:16:38,47,100,111.22,10162,90,122
02:16:54,47,100,101.90,10162,88,122
02:17:10,47,100,96.90,10162,87,122
02:17:26,47,100,105.29,10162,92,122
02:17:42,47,100,103.88,10164,91,122
02:17:57,46,100,99.50,10166,93,122
02:18:13,46,100,106.28,10322,92,122
02:18:29,46,100,101.34,10438,89,122
02:18:45,46,100,100.06,10438,89,122
02:19:01,46,100,107.76,10440,90,122
02:19:16,47,100,108.82,10440,91,122
02:19:32,47,100,108.82,10596,92,122
02:19:48,46,100,109.32,10596,93,122
02:20:04,46,100,103.39,10752,91,122
02:20:20,46,100,107.90,10752,89,122
02:20:35,46,100,106.91,10752,91,122
02:20:51,46,100,99.50,10752,90,122
02:21:07,46,100,95.42,10752,93,122
02:21:23,46,100,96.59,10754,90,122
02:21:39,46,100,108.40,10754,90,122
02:21:55,46,100,98.44,10754,89,122
02:22:11,46,100,104.44,10756,89,122
02:22:26,46,100,104.80,10756,91,122
2026-09-22 02:22:32,46,100,98.01,10756,90,122
2026-09-22 02:22:48,46,100,107.97,10756,92,122
2026-09-22 02:23:04,46,100,101.28,10756,90,122
2026-09-22 02:23:20,46,100,100.98,10756,93,122
2026-09-22 02:23:36,46,100,102.83,10758,93,122
2026-09-22 02:23:51,46,100,104.44,10914,90,122
2026-09-22 02:24:07,46,100,117.14,10914,92,122
2026-09-22 02:24:23,46,100,99.37,10914,92,122
2026-09-22 02:24:39,46,100,107.76,10916,90,122
2026-09-22 02:24:54,46,100,103.88,10916,94,122
2026-09-22 02:25:10,46,100,100.98,10916,92,122
2026-09-22 02:25:26,46,100,112.70,10916,90,122
2026-09-22 02:25:42,46,99,97.95,10918,93,122
2026-09-22 02:25:58,46,100,104.80,11034,90,122
2026-09-22 02:26:14,46,100,103.52,11034,88,122
2026-09-22 02:26:29,46,100,96.90,11034,93,122
2026-09-22 02:26:45,46,100,105.23,11036,92,122
2026-09-22 02:27:01,46,100,102.04,11044,91,122
2026-09-22 02:27:17,46,100,97.58,11044,91,122
2026-09-22 02:27:33,46,100,105.86,11044,90,122
2026-09-22 02:27:49,46,100,102.96,11044,87,124
2026-09-22 02:28:04,46,100,105.36,11044,91,124
2026-09-22 02:28:20,46,100,100.85,11044,91,124
2026-09-22 02:28:36,46,100,96.04,11044,91,124
2026-09-22 02:28:52,46,100,96.41,11044,97,124
2026-09-22 02:29:08,46,100,102.89,11052,88,124
2026-09-22 02:29:24,46,100,97.95,11092,91,124
2026-09-22 02:29:39,46,100,106.21,11124,91,124
2026-09-22 02:29:55,46,100,101.41,11124,88,124
2026-09-22 02:30:11,46,100,93.94,11124,88,124
2026-09-22 02:30:27,46,100,97.46,11124,89,124
2026-09-22 02:30:43,46,100,99.00,11124,89,124
2026-09-22 02:30:59,46,100,105.99,11124,91,124
2026-09-22 02:31:14,46,100,94.00,11124,88,124
2026-09-22 02:31:31,46,100,96.71,11124,89,120
2026-09-22 02:31:47,46,100,102.46,11124,91,122
2026-09-22 02:32:02,46,100,100.55,11124,95,122
2026-09-22 02:32:21,46,100,100.62,11124,93,122
2026-09-22 02:32:37,46,100,108.68,11124,93,122
2026-09-22 02:32:53,46,100,109.81,11124,93,122
2026-09-22 02:33:08,46,100,100.49,11124,92,120
2026-09-22 02:33:24,46,100,105.93,11124,91,120
2026-09-22 02:33:40,46,100,99.43,11124,90,120
2026-09-22 02:33:56,46,100,105.93,11124,88,120
2026-09-22 02:34:12,46,100,98.51,11124,93,120
2026-09-22 02:34:28,46,100,96.96,11124,92,122
2026-09-22 02:34:43,46,100,111.86,11124,89,122
2026-09-22 02:34:59,46,100,106.49,11124,91,122
2026-09-22 02:35:15,46,100,103.39,11124,89,122
2026-09-22 02:35:31,46,100,105.29,11124,89,122
2026-09-22 02:35:46,46,100,99.07,11124,90,122
2026-09-22 02:36:02,46,100,100.29,11124,98,122
2026-09-22 02:36:18,46,100,101.41,11124,91,122
2026-09-22 02:36:34,46,100,109.32,11124,91,122
2026-09-22 02:36:50,46,100,102.40,11124,91,122
2026-09-22 02:37:05,46,100,105.43,11124,89,122
2026-09-22 02:37:21,46,100,104.87,11124,88,122
2026-09-22 02:37:37,46,100,97.03,11124,92,122
2026-09-22 02:37:53,46,100,112.92,11124,91,122
2026-09-22 02:38:08,46,100,103.75,11124,91,122
2026-09-22 02:38:24,46,100,104.31,11124,90,122
2026-09-22 02:38:40,46,100,103.03,11126,90,122
2026-09-22 02:38:56,46,100,102.53,11126,93,122
2026-09-22 02:39:12,46,100,105.23,11126,91,122
2026-09-22 02:39:28,46,100,100.36,11382,100,122
2026-09-22 02:39:43,46,100,99.50,11384,89,122
2026-09-22 02:39:59,46,100,94.99,11384,90,122
2026-09-22 02:40:15,46,100,102.46,11384,90,122
2026-09-22 02:40:31,46,100,104.37,11384,90,122
2026-09-22 02:40:46,46,100,100.29,11384,90,122
2026-09-22 02:41:02,46,100,99.93,11384,90,120
2026-09-22 02:41:18,46,100,100.92,11384,90,120
2026-09-22 02:41:34,46,100,100.98,11384,89,120
2026-09-22 02:41:50,46,100,101.84,11384,93,120
2026-09-22 02:42:05,46,100,100.85,11384,92,122
2026-09-22 02:42:21,46,100,108.19,11384,91,122
2026-09-22 02:42:37,46,100,95.91,11384,90,120
2026-09-22 02:42:53,46,100,106.42,11384,90,120
2026-09-22 02:43:08,46,100,102.26,11384,89,120
2026-09-22 02:43:24,46,100,96.84,11384,88,120
2026-09-22 02:43:40,46,100,95.97,11384,93,122
2026-09-22 02:43:55,46,100,100.85,11388,89,122
2026-09-22 02:44:11,46,100,107.34,11388,87,120
2026-09-22 02:44:27,46,100,100.92,11388,89,120
2026-09-22 02:44:43,46,100,101.41,11602,89,120
2026-09-22 02:44:58,46,100,92.02,11816,87,120
2026-09-22 02:45:14,46,100,95.48,11816,90,122
2026-09-22 02:45:30,46,100,102.26,11816,89,122
2026-09-22 02:45:46,46,100,103.45,11816,88,120
2026-09-22 02:46:01,46,100,100.42,11816,90,120
2026-09-22 02:46:17,46,100,99.37,11816,87,120
2026-09-22 02:46:33,46,100,104.80,11816,90,120
2026-09-22 02:46:49,46,100,102.40,11816,92,122
2026-09-22 02:47:05,46,100,104.87,11816,92,122
2026-09-22 02:47:20,46,100,95.91,11816,88,120
2026-09-22 02:47:36,46,100,103.03,11816,89,120
2026-09-22 02:47:52,46,100,104.01,11816,87,120
2026-09-22 02:48:08,46,100,95.97,11816,87,120
2026-09-22 02:48:27,46,100,102.40,11816,89,122
2026-09-22 02:48:42,46,100,111.44,11816,88,122
2026-09-22 02:48:58,46,100,98.44,11816,88,122
2026-09-22 02:49:14,46,100,102.33,11816,89,122
2026-09-22 02:49:29,46,100,107.41,11816,90,122
2026-09-22 02:49:45,46,100,106.91,11816,89,122
2026-09-22 02:50:01,46,100,108.89,11816,91,122
2026-09-22 02:50:17,46,100,109.88,11816,88,122
2026-09-22 02:50:32,46,100,105.79,11816,89,122
2026-09-22 02:50:48,46,100,105.43,11816,87,122
2026-09-22 02:51:04,46,100,93.75,11816,84,122
2026-09-22 02:51:20,46,100,101.05,11816,89,122
2026-09-22 02:51:36,46,100,99.37,11816,87,122
2026-09-22 02:51:51,46,100,114.75,11816,87,122
2026-09-22 02:52:07,46,100,97.33,11816,87,122
2026-09-22 02:52:23,46,100,97.33,11816,86,122
2026-09-22 02:52:38,46,100,95.97,11816,85,122
2026-09-22 02:52:54,46,100,102.33,11816,88,122
2026-09-22 02:53:10,46,100,110.87,11816,87,122
2026-09-22 02:53:26,46,100,99.99,11816,89,122
2026-09-22 02:53:41,46,100,113.12,11816,86,122
2026-09-22 02:53:57,46,100,103.32,11816,93,122
2026-09-22 02:54:13,46,100,101.41,11816,88,122
2026-09-22 02:54:28,46,100,105.36,11816,91,122
2026-09-22 02:54:44,46,100,96.53,11816,89,122
2026-09-22 02:55:00,46,100,105.29,11816,89,122
2026-09-22 02:55:15,46,100,98.51,11816,85,120
2026-09-22 02:55:31,46,100,100.36,11816,86,120
2026-09-22 02:55:47,46,100,96.90,11816,88,120
2026-09-22 02:56:03,46,100,94.55,11816,89,120
2026-09-22 02:56:18,46,100,102.76,11816,86,122
2026-09-22 02:56:34,46,100,100.92,11816,87,122
2026-09-22 02:56:50,46,100,110.87,11816,88,122
2026-09-22 02:57:06,46,100,109.39,11816,88,122
2026-09-22 02:57:21,46,100,98.81,11816,89,122
2026-09-22 02:57:37,46,100,105.36,11816,87,122
2026-09-22 02:57:53,46,100,103.32,11816,89,122
2026-09-22 02:58:08,47,100,109.88,11816,87,122
2026-09-22 02:58:24,46,100,94.55,11816,88,122
2026-09-22 02:58:40,46,100,100.92,11816,87,122
2026-09-22 02:58:55,46,100,95.48,11816,88,122
2026-09-22 02:59:11,46,100,99.93,11816,88,122
2026-09-22 02:59:27,47,100,104.94,11816,87,122
2026-09-22 02:59:42,46,100,95.85,11816,88,122
2026-09-22 02:59:58,47,100,107.90,11816,88,122
2026-09-22 03:00:14,46,100,99.43,11816,90,122
2026-09-22 03:00:29,47,100,109.39,11816,88,122
2026-09-22 03:00:45,47,100,107.76,11816,86,122
2026-09-22 03:01:01,47,100,103.81,11816,88,122
2026-09-22 03:01:17,47,100,107.27,11816,85,122
2026-09-22 03:01:32,47,100,102.83,11816,87,122
2026-09-22 03:01:48,47,100,104.87,11816,87,122
2026-09-22 03:02:04,47,100,100.59,11816,88,122
2026-09-22 03:02:19,47,100,112.13,11816,88,122
2026-09-22 03:02:35,47,100,109.10,11816,87,122
2026-09-22 03:02:51,47,100,113.91,11816,86,122
2026-09-22 03:03:06,47,100,99.86,11816,90,122
2026-09-22 03:03:22,47,100,109.74,11816,90,122
2026-09-22 03:03:38,47,100,106.78,11816,89,120
2026-09-22 03:03:53,47,100,106.64,11816,86,120
2026-09-22 03:04:09,47,100,112.28,11816,89,120
2026-09-22 03:04:25,47,100,104.31,11816,88,120
2026-09-22 03:04:43,47,100,110.16,11816,88,122
2026-09-22 03:04:59,47,100,99.43,11912,90,122
2026-09-22 03:05:15,47,100,99.37,11912,87,120
2026-09-22 03:05:31,47,100,102.83,11912,90,120
2026-09-22 03:05:46,47,100,100.98,11912,87,120
2026-09-22 03:06:02,47,100,108.26,11912,87,120
2026-09-22 03:06:18,47,100,103.68,11912,87,122
2026-09-22 03:06:33,47,100,111.01,11912,87,122
2026-09-22 03:06:49,47,100,106.42,11912,90,122
2026-09-22 03:07:05,47,100,105.23,11912,88,122
2026-09-22 03:07:21,47,100,110.73,11912,90,122
2026-09-22 03:07:36,47,100,93.94,11912,88,122
2026-09-22 03:07:52,47,100,107.62,11912,88,122
2026-09-22 03:08:08,47,100,102.20,11912,88,122
2026-09-22 03:08:23,47,100,112.92,11912,88,122
2026-09-22 03:08:39,47,100,109.81,11912,87,122
2026-09-22 03:08:55,47,100,111.22,11912,89,122
2026-09-22 03:09:11,47,100,109.74,11912,89,122
2026-09-22 03:09:26,47,100,106.85,11912,88,122
2026-09-22 03:09:42,47,100,103.39,11912,88,122
2026-09-22 03:09:58,47,100,105.93,11912,90,122
2026-09-22 03:10:13,47,100,100.79,11912,88,122
2026-09-22 03:10:29,47,100,109.24,11912,86,122
2026-09-22 03:10:45,47,100,107.69,11912,89,122
2026-09-22 03:11:01,47,100,106.42,11912,88,122
2026-09-22 03:11:16,47,100,105.29,11912,89,122
2026-09-22 03:11:32,47,100,106.78,11912,88,122
2026-09-22 03:11:48,47,100,99.67,11912,87,122
2026-09-22 03:12:03,47,100,106.78,12008,88,122
2026-09-22 03:12:19,47,100,109.81,12008,88,122
2026-09-22 03:12:35,47,100,98.38,12008,90,122
2026-09-22 03:12:51,47,100,106.21,12008,86,122
2026-09-22 03:13:06,47,100,102.96,12008,87,122
2026-09-22 03:13:22,47,100,117.30,12008,89,122
2026-09-22 03:13:38,47,100,105.93,12008,88,122
2026-09-22 03:13:53,47,100,102.40,12008,87,122
2026-09-22 03:14:09,47,100,109.39,12008,88,122
2026-09-22 03:14:25,47,100,106.42,12104,91,122
2026-09-22 03:14:40,47,100,102.89,12104,87,122
2026-09-22 03:14:56,47,100,109.32,12104,86,122
2026-09-22 03:15:12,47,100,106.28,12104,89,122
2026-09-22 03:15:28,47,100,108.82,12104,85,122
2026-09-22 03:15:43,47,100,106.28,12104,86,122
2026-09-22 03:15:59,47,100,109.88,12104,89,122
2026-09-22 03:16:15,47,100,110.23,12104,86,122
2026-09-22 03:16:30,47,100,107.76,12104,88,122
2026-09-22 03:16:46,47,100,105.23,12104,90,122
2026-09-22 03:17:02,47,100,115.24,12104,87,122
2026-09-22 03:17:17,47,100,102.33,12104,90,122
2026-09-22 03:17:33,47,100,114.82,12104,90,122
2026-09-22 03:17:49,47,100,109.32,12104,88,122
2026-09-22 03:18:05,47,100,108.68,12104,90,122
2026-09-22 03:18:20,47,100,104.67,12104,87,122
2026-09-22 03:18:36,47,100,108.26,12104,89,120
2026-09-22 03:18:52,47,100,105.36,12104,88,120
2026-09-22 03:19:07,47,100,106.78,12104,87,120
2026-09-22 03:19:23,47,100,105.36,12104,89,120
2026-09-22 03:19:39,47,100,107.34,12104,91,122
2026-09-22 03:19:55,47,100,115.32,12104,90,122
2026-09-22 03:20:10,47,100,105.86,12104,89,122
2026-09-22 03:20:26,47,100,106.28,10039,90,120
2026-09-22 03:20:42,47,100,100.92,10039,89,120
2026-09-22 03:21:01,47,100,99.43,10039,90,118
2026-09-22 03:21:17,47,100,95.91,10039,88,118
2026-09-22 03:21:32,47,100,107.13,10039,90,118
2026-09-22 03:21:48,47,100,110.80,10039,89,118
2026-09-22 03:22:04,47,100,99.43,10039,86,118
2026-09-22 03:22:19,47,100,111.29,10039,88,120
2026-09-22 03:22:35,47,100,108.75,10135,92,120
2026-09-22 03:22:51,47,100,102.46,10135,88,118
2026-09-22 03:23:07,47,100,99.86,10135,91,118
2026-09-22 03:23:23,47,100,104.37,10135,87,118
2026-09-22 03:23:39,47,100,120.03,10135,90,118
2026-09-22 03:23:54,46,100,101.41,10135,89,120
2026-09-22 03:24:10,47,100,103.39,10135,89,120
2026-09-22 03:24:26,47,100,98.32,10135,87,120
2026-09-22 03:24:42,46,100,99.00,10135,89,120
2026-09-22 03:24:58,47,100,108.26,10135,90,120
2026-09-22 03:25:13,46,100,108.40,10135,55,120
2026-09-22 03:25:29,46,100,101.48,10135,51,120
2026-09-22 03:25:45,46,100,107.34,10135,52,122
2026-09-22 03:26:00,46,100,102.89,10135,52,122
2026-09-22 03:26:16,46,100,103.52,10135,51,122
2026-09-22 03:26:32,46,100,103.88,10135,54,122
2026-09-22 03:26:47,46,100,103.59,10135,55,122
2026-09-22 03:27:03,46,100,108.47,10135,52,122
2026-09-22 03:27:18,46,100,103.52,10135,55,122
2026-09-22 03:27:34,46,100,99.63,10135,52,122
2026-09-22 03:27:50,46,100,102.04,10135,55,122
2026-09-22 03:28:05,46,100,101.41,10135,53,122
2026-09-22 03:28:21,46,100,100.12,10135,54,122
2026-09-22 03:28:37,45,100,93.63,10135,56,122
2026-09-22 03:28:52,45,100,96.66,10135,54,122
2026-09-22 03:29:08,45,100,92.14,10135,54,122
2026-09-22 03:29:24,45,100,99.00,10135,54,122
2026-09-22 03:29:39,45,100,95.54,10135,52,122
2026-09-22 03:29:55,45,100,95.17,10135,53,122
2026-09-22 03:30:11,45,100,97.52,10135,54,122
2026-09-22 03:30:26,45,100,98.14,10135,55,122
2026-09-22 03:30:42,45,100,96.04,10135,98,158
2026-09-22 03:30:58,45,100,96.53,10135,67,158
2026-09-22 03:31:14,45,100,99.56,10135,75,158
2026-09-22 03:31:30,45,100,91.09,10135,76,158
2026-09-22 03:31:47,45,100,90.66,10135,85,158
2026-09-22 03:32:04,46,100,111.22,10135,76,158
2026-09-22 03:32:20,45,100,86.32,10135,82,158
2026-09-22 03:32:36,45,100,96.59,10135,77,158
2026-09-22 03:32:53,45,100,99.00,10135,79,158
2026-09-22 03:33:09,45,99,94.06,10135,76,158
2026-09-22 03:33:26,45,100,102.33,10135,83,158
2026-09-22 03:33:43,46,93,113.84,10135,76,158
2026-09-22 03:34:01,45,99,98.08,10135,75,158
2026-09-22 03:34:18,45,96,108.89,10135,81,158
2026-09-22 03:34:34,45,100,97.52,10135,86,135
2026-09-22 03:34:50,45,100,91.15,10135,79,130
2026-09-22 03:35:06,45,100,91.53,10135,78,130
2026-09-22 03:35:22,45,100,91.59,10135,77,130
2026-09-22 03:35:39,45,96,116.01,10135,78,130
2026-09-22 03:35:56,46,100,110.23,10135,76,130
2026-09-22 03:36:12,45,100,88.74,10135,78,130
2026-09-22 03:36:29,46,100,97.52,10135,82,130
2026-09-22 03:36:46,45,100,94.06,10135,82,130
2026-09-22 03:37:07,45,100,90.66,10135,78,130
2026-09-22 03:37:23,45,99,96.72,10135,78,130
2026-09-22 03:37:41,45,100,108.40,10135,76,130
2026-09-22 03:37:57,45,100,95.61,10135,77,130
2026-09-22 03:38:15,46,100,118.21,10135,82,130
2026-09-22 03:38:31,45,100,98.57,10135,82,102
2026-09-22 03:38:49,46,100,104.87,10135,83,102
2026-09-22 03:39:06,46,98,104.87,10135,78,102
2026-09-22 03:39:23,46,100,115.66,10135,77,102
2026-09-22 03:39:39,45,99,93.07,10135,78,102
2026-09-22 03:39:56,45,100,101.48,10135,82,102
2026-09-22 03:40:12,46,100,113.69,10135,79,102
2026-09-22 03:40:29,46,100,90.60,10135,82,100
2026-09-22 03:40:45,45,100,96.16,10135,80,102
2026-09-22 03:41:01,45,100,91.53,10135,79,100
2026-09-22 03:41:17,45,100,88.68,10135,76,100
2026-09-22 03:41:33,44,100,90.22,10135,78,100
2026-09-22 03:41:49,45,100,90.05,10135,78,98
2026-09-22 03:42:07,45,100,104.73,10135,75,98
2026-09-22 03:42:24,45,100,101.67,10135,81,98
2026-09-22 03:42:40,45,100,89.55,10135,82,98
2026-09-22 03:42:56,45,100,94.55,10135,77,100
2026-09-22 03:43:13,45,100,99.20,10135,79,100
2026-09-22 03:43:30,45,100,106.35,10135,76,100
2026-09-22 03:43:47,46,100,117.49,10135,78,100
2026-09-22 03:44:03,45,100,92.58,10135,78,100
2026-09-22 03:44:19,45,100,88.62,10135,75,100
2026-09-22 03:44:35,45,99,86.04,10135,78,100
2026-09-22 03:44:51,45,100,96.53,10135,77,100
2026-09-22 03:45:08,45,100,108.47,10135,76,100
2026-09-22 03:45:25,45,100,82.19,10135,79,100
2026-09-22 03:45:42,45,100,101.90,10135,76,100
2026-09-22 03:45:59,46,100,106.35,10135,79,100
2026-09-22 03:46:15,45,100,91.65,10135,77,100
2026-09-22 03:46:31,45,100,88.62,10135,77,100
2026-09-22 03:46:47,45,100,92.14,10135,79,100
2026-09-22 03:47:05,45,100,103.45,10135,79,100
2026-09-22 03:47:21,45,100,94.49,10135,75,100
2026-09-22 03:47:37,45,100,93.01,10135,76,100
2026-09-22 03:47:54,45,100,85.60,10135,77,100
2026-09-22 03:48:10,45,99,89.67,10135,77,100
2026-09-22 03:48:26,44,100,88.13,10135,77,100
2026-09-22 03:48:42,44,99,90.10,10135,76,100
2026-09-22 03:48:58,44,100,93.07,10135,79,100
2026-09-22 03:49:15,45,98,99.50,10135,78,100
2026-09-22 03:49:32,45,99,118.63,10135,75,100
2026-09-22 03:49:49,45,90,112.13,10135,75,100
2026-09-22 03:50:07,46,100,116.57,10135,86,100
2026-09-22 03:50:23,46,99,95.54,10135,79,100
2026-09-22 03:50:40,46,100,116.65,10135,76,100
2026-09-22 03:50:56,45,99,92.64,10135,79,100
2026-09-22 03:51:13,45,100,120.60,10135,88,100
2026-09-22 03:51:30,46,100,94.61,10135,74,100
2026-09-22 03:51:46,45,100,79.72,10135,77,100
2026-09-22 03:52:04,46,100,109.24,10135,88,100
2026-09-22 03:52:20,45,99,91.53,10135,76,100
2026-09-22 03:52:36,45,99,97.03,10135,77,100
2026-09-22 03:52:52,45,99,93.13,10135,78,100
2026-09-22 03:53:14,45,100,110.73,10135,75,100
2026-09-22 03:53:31,46,100,80.76,10135,84,100
2026-09-22 03:53:47,45,99,97.52,10135,77,100
2026-09-22 03:54:03,45,99,98.57,10135,78,100
2026-09-22 03:54:19,45,99,94.49,10135,78,100
2026-09-22 03:54:36,45,99,100.06,10135,81,100
2026-09-22 03:54:53,46,100,105.36,10135,76,100
2026-09-22 03:55:09,46,100,98.44,10135,75,100
2026-09-22 03:55:25,46,99,96.04,10135,74,100
2026-09-22 03:55:42,46,100,121.02,10135,76,100
2026-09-22 03:55:58,46,100,115.10,10135,77,100
2026-09-22 03:56:15,46,100,99.37,10135,78,100
2026-09-22 03:56:31,45,99,87.19,10135,76,100
2026-09-22 03:56:47,45,99,97.03,10135,77,100
2026-09-22 03:57:02,45,99,93.50,10135,78,100
2026-09-22 03:57:19,46,99,90.60,10135,80,100
2026-09-22 03:57:35,46,100,110.73,10135,76,100
2026-09-22 03:57:51,45,99,95.54,10135,74,100
2026-09-22 03:58:07,45,99,89.06,10135,77,100
2026-09-22 03:58:23,45,99,99.50,10135,76,100
2026-09-22 03:58:39,46,99,97.52,10135,77,100
2026-09-22 03:58:56,46,100,94.99,10135,77,100
2026-09-22 03:59:12,46,99,97.58,10135,77,100
2026-09-22 03:59:27,45,100,91.96,10135,77,100
2026-09-22 03:59:43,45,99,97.09,10135,77,100
2026-09-22 03:59:59,45,99,96.04,10135,79,98
2026-09-22 04:00:17,45,99,92.52,10135,82,98
2026-09-22 04:00:33,46,100,106.21,10135,81,98
2026-09-22 04:00:49,45,99,84.67,10135,76,98
2026-09-22 04:01:05,45,99,93.57,10135,78,100
2026-09-22 04:01:22,45,99,89.55,10135,81,100
2026-09-22 04:01:38,45,100,91.59,10135,81,100
2026-09-22 04:01:55,46,96,100.55,10135,78,100
2026-09-22 04:02:12,46,97,109.67,10135,83,100
2026-09-22 04:02:29,46,99,111.86,10135,76,100
2026-09-22 04:02:45,46,88,98.01,10135,78,100
2026-09-22 04:03:01,46,99,99.99,10135,80,100
2026-09-22 04:03:18,46,100,100.49,10135,79,100
2026-09-22 04:03:35,46,99,94.68,10135,77,100
2026-09-22 04:03:51,45,99,92.14,10135,78,100
2026-09-22 04:04:07,45,99,96.47,10135,78,100
2026-09-22 04:04:23,45,99,99.50,10135,78,100
2026-09-22 04:04:39,46,100,101.90,10135,79,100
2026-09-22 04:04:56,46,99,119.54,10135,76,100
2026-09-22 04:05:13,46,100,96.04,10135,78,100
2026-09-22 04:05:30,47,96,108.26,10135,76,100
2026-09-22 04:05:46,46,99,93.69,10135,79,100
2026-09-22 04:06:02,46,100,98.01,10135,77,100
2026-09-22 04:06:19,45,99,91.71,10135,79,100
2026-09-22 04:06:35,45,100,94.49,10135,77,100
2026-09-22 04:06:51,45,99,100.49,10135,76,100
2026-09-22 04:07:07,45,99,94.61,10135,79,100
2026-09-22 04:07:24,45,93,118.63,10135,76,100
2026-09-22 04:07:41,46,89,121.02,10135,84,100
2026-09-22 04:07:59,46,84,76.31,10135,82,100
2026-09-22 04:08:16,46,100,88.13,10135,82,100
2026-09-22 04:08:32,46,99,103.32,10135,78,100
2026-09-22 04:08:49,46,99,98.57,10135,76,100
2026-09-22 04:09:06,46,100,97.39,10135,74,100
2026-09-22 04:09:26,46,99,94.06,10135,74,100
2026-09-22 04:09:42,45,99,95.54,10135,76,100
2026-09-22 04:09:58,45,99,94.55,10135,76,100
2026-09-22 04:10:14,45,99,95.11,10135,76,100
2026-09-22 04:10:30,45,99,91.65,10135,77,100
2026-09-22 04:10:46,45,99,99.43,10135,75,100
2026-09-22 04:11:02,45,99,98.01,10135,76,100
2026-09-22 04:11:17,46,100,100.55,10135,76,100
2026-09-22 04:11:33,46,100,101.77,10135,77,100
2026-09-22 04:11:49,46,100,107.27,10135,78,100
2026-09-22 04:12:06,46,99,121.02,10135,73,100
2026-09-22 04:12:23,47,90,108.33,8462,77,98
2026-09-22 04:12:39,46,100,85.22,8462,76,98
2026-09-22 04:12:56,47,96,124.39,8462,80,98
2026-09-22 04:13:13,48,95,111.64,8462,78,98
2026-09-22 04:13:28,47,100,99.56,8462,74,98
2026-09-22 04:13:44,47,100,91.59,8462,71,98
2026-09-22 04:14:00,46,100,106.13,8462,57,98
2026-09-22 04:14:15,45,100,91.21,8462,49,98
2026-09-22 04:14:31,46,100,92.52,8462,49,98
2026-09-22 04:14:46,45,100,97.21,8462,45,98
2026-09-22 04:15:02,46,100,97.09,8462,42,98
2026-09-22 04:15:17,45,100,99.07,8462,37,98
2026-09-22 04:15:33,45,100,93.38,8462,37,96
2026-09-22 04:15:48,46,100,104.01,8462,33,96
2026-09-22 04:16:04,47,100,112.63,5052,31,90
2026-09-22 04:16:19,48,100,120.11,5052,31,90
2026-09-22 04:16:34,48,100,113.12,5052,33,92
2026-09-22 04:16:50,48,100,113.05,5052,29,92
2026-09-22 04:17:05,49,100,135.82,5052,27,92
2026-09-22 04:17:21,50,100,123.16,5052,29,92
2026-09-22 04:17:36,50,100,124.64,5052,30,92
2026-09-22 04:17:52,51,100,136.22,5052,28,92
2026-09-22 04:18:07,51,100,136.49,5052,28,90
2026-09-22 04:18:23,51,100,134.98,5052,27,90
2026-09-22 04:18:38,51,100,128.09,5052,28,90
2026-09-22 04:18:54,51,100,136.14,5052,27,90
2026-09-22 04:19:09,51,100,141.87,5052,30,92
2026-09-22 04:19:25,51,100,138.87,5052,28,92
2026-09-22 04:19:40,51,100,140.17,5052,28,92
2026-09-22 04:19:55,51,100,119.72,5052,29,92
2026-09-22 04:20:11,51,100,141.34,5052,26,92
2026-09-22 04:20:26,51,100,136.72,5052,26,92
2026-09-22 04:20:42,51,100,151.81,5052,25,90
2026-09-22 04:20:57,51,100,123.56,5052,24,90
2026-09-22 04:21:13,51,100,148.84,5052,23,90
2026-09-22 04:21:28,51,100,141.03,5052,24,90
2026-09-22 04:21:44,58,100,228.91,1672,20,84
2026-09-22 04:21:59,61,100,229.74,1672,21,84
2026-09-22 04:22:14,62,100,223.53,1672,16,84
2026-09-22 04:22:30,62,100,222.55,1672,15,84
2026-09-22 04:22:45,63,100,223.53,1672,12,84
2026-09-22 04:23:01,63,99,223.18,1672,12,84
2026-09-22 04:23:16,63,100,223.04,1672,12,86
2026-09-22 04:23:32,63,100,224.51,1672,12,84
2026-09-22 04:23:47,64,100,222.55,1672,12,84
2026-09-22 04:24:02,64,100,225.00,1672,13,84
2026-09-22 04:24:18,64,100,224.02,1672,44,84
2026-09-22 04:24:33,64,100,225.63,1672,10,46
2026-09-22 04:24:49,64,100,225.78,1672,9,46
2026-09-22 04:25:04,64,100,226.12,1672,7,46
2026-09-22 04:25:20,63,100,226.47,1672,7,46
2026-09-22 04:25:36,64,100,224.16,1672,8,46
2026-09-22 04:25:52,64,100,223.18,1672,7,46
2026-09-22 04:26:07,64,100,207.76,1672,8,48
2026-09-22 04:26:23,54,0,29.98,0,7,46
2026-09-22 04:26:38,46,0,27.49,0,9,44
2026-09-22 04:26:53,42,0,26.50,0,17,44
2026-09-22 04:27:09,39,0,26.00,0,8,44
2026-09-22 04:27:24,38,0,25.50,0,6,44
2026-09-22 04:27:40,37,0,25.50,0,11,44
2026-09-22 04:27:55,36,0,25.00,0,10,46
2026-09-22 04:28:11,35,0,25.00,0,6,44
2026-09-22 04:28:26,35,0,25.02,0,8,44
2026-09-22 04:28:41,34,0,25.02,0,8,44
2026-09-22 04:28:57,34,0,25.02,0,13,44
2026-09-22 04:29:12,34,0,25.02,0,9,46
2026-09-22 04:29:28,34,0,25.02,0,12,44
2026-09-22 04:29:43,33,0,25.02,0,7,44
2026-09-22 04:29:58,33,0,25.00,0,10,44
2026-09-22 04:30:14,33,0,25.02,0,13,44
2026-09-22 04:30:29,33,0,24.51,0,9,46
2026-09-22 04:30:45,33,0,24.51,0,12,44
2026-09-22 04:31:00,32,0,24.51,0,11,44
2026-09-22 04:31:16,32,0,24.52,0,6,44
2026-09-22 04:31:31,32,0,24.52,0,13,44
2026-09-22 04:31:46,32,0,24.52,0,9,46
2026-09-22 04:32:02,32,0,24.52,0,6,44
2026-09-22 04:32:17,32,0,24.52,0,13,44
2026-09-22 04:32:33,32,0,24.52,0,7,44
2026-09-22 04:32:48,32,0,24.52,0,9,44
2026-09-22 04:33:03,32,0,24.52,0,6,44
2026-09-22 04:33:19,32,0,24.52,0,7,44
2026-09-22 04:33:34,32,0,24.52,0,7,44
2026-09-22 04:33:50,32,0,24.52,0,7,44
2026-09-22 04:34:05,32,0,24.52,0,6,44
2026-09-22 04:34:20,32,0,24.52,0,7,44
2026-09-22 04:34:36,32,0,24.52,0,9,46
2026-09-22 04:34:51,32,0,24.51,0,7,44
2026-09-22 04:35:07,32,0,24.52,0,11,44
2026-09-22 04:35:22,32,0,24.52,0,8,44
2026-09-22 04:35:38,32,0,24.52,0,7,44
2026-09-22 04:35:53,32,0,24.52,0,9,46
2026-09-22 04:36:08,31,0,24.52,0,11,44
2026-09-22 04:36:24,31,0,24.52,0,8,44
2026-09-22 04:36:39,31,0,24.52,0,7,44
2026-09-22 04:36:55,31,0,24.52,0,7,44
2026-09-22 04:37:10,31,0,24.52,0,7,46
2026-09-22 04:37:25,31,0,24.52,0,6,44
2026-09-22 04:37:41,31,0,24.52,0,6,44
2026-09-22 04:37:56,31,0,24.52,0,7,44
2026-09-22 04:38:12,31,0,24.52,0,8,44
2026-09-22 04:38:27,31,0,24.52,0,9,46
2026-09-22 04:38:42,31,0,24.52,0,12,44
2026-09-22 04:38:58,31,0,24.52,0,12,44
2026-09-22 04:39:13,31,0,24.52,0,8,44
2026-09-22 04:39:29,31,0,24.52,0,7,44
2026-09-22 04:39:44,31,0,24.52,0,11,46
2026-09-22 04:39:59,31,0,24.52,0,12,46
2026-09-22 04:40:15,31,0,24.52,0,14,46
2026-09-22 04:40:30,31,0,24.52,0,7,44
2026-09-22 04:40:46,31,0,24.52,0,6,44
2026-09-22 04:41:01,31,0,24.52,0,13,44
2026-09-22 04:41:17,31,0,24.52,0,13,44
2026-09-22 04:41:32,31,0,24.52,0,10,24
2026-09-22 04:41:48,31,0,24.51,0,4,22
2026-09-22 04:42:04,31,0,24.52,0,5,22
2026-09-22 04:42:19,31,0,24.52,0,14,22
2026-09-22 04:42:35,31,0,24.52,0,7,22
2026-09-22 04:42:50,31,0,24.52,0,7,24
2026-09-22 04:43:05,31,0,24.52,0,7,22
2026-09-22 04:43:21,31,0,24.52,0,8,22
2026-09-22 04:43:36,31,0,24.52,0,7,22
2026-09-22 04:43:52,31,0,24.52,0,7,22
2026-09-22 04:44:07,31,0,24.52,0,6,22
2026-09-22 04:44:22,31,0,24.52,0,12,22
2026-09-22 04:44:38,31,0,24.52,0,6,22
2026-09-22 04:44:53,31,0,24.52,0,8,22
2026-09-22 04:45:09,31,0,24.52,0,5,22
2026-09-22 04:45:24,31,0,24.52,0,5,22
2026-09-22 04:45:39,31,0,24.52,0,9,24
2026-09-22 04:45:55,31,0,24.52,0,7,22
2026-09-22 04:46:10,31,0,24.52,0,7,22
2026-09-22 04:46:26,31,0,24.52,0,7,22
2026-09-22 04:46:41,31,0,24.52,0,8,22
2026-09-22 04:46:56,31,0,24.52,0,7,24
2026-09-22 04:47:12,31,0,24.52,0,12,22
2026-09-22 04:47:27,31,0,24.52,0,8,22
2026-09-22 04:47:43,31,0,24.52,0,8,22
2026-09-22 04:47:58,31,0,24.52,0,7,22
2026-09-22 04:48:13,31,0,24.52,0,7,24
2026-09-22 04:48:29,31,0,24.52,0,7,22
2026-09-22 04:48:44,31,0,24.52,0,8,22
2026-09-22 04:49:00,31,0,24.52,0,6,22
2026-09-22 04:49:15,31,0,24.52,0,8,22
2026-09-22 04:49:30,31,0,24.52,0,11,24
2026-09-22 04:49:46,31,0,24.52,0,5,22
2026-09-22 04:50:01,31,0,24.52,0,9,22
2026-09-22 04:50:17,31,0,24.52,0,8,22
2026-09-22 04:50:32,31,0,24.52,0,7,22
2026-09-22 04:50:48,31,0,24.52,0,14,24
2026-09-22 04:51:03,31,0,24.52,0,5,22
2026-09-22 04:51:18,31,0,24.52,0,12,22
2026-09-22 04:51:34,31,0,24.51,0,10,22
2026-09-22 04:51:49,31,0,24.51,0,7,22
2026-09-22 04:52:05,31,0,24.51,0,9,22
2026-09-22 04:52:20,31,0,24.51,0,8,24
2026-09-22 04:52:36,31,0,24.52,0,6,22
2026-09-22 04:52:51,31,0,24.52,0,5,22
2026-09-22 04:53:06,31,0,24.52,0,4,22
2026-09-22 04:53:22,31,0,24.52,0,4,22
2026-09-22 04:53:37,31,0,24.52,0,6,24
2026-09-22 04:53:53,31,0,24.52,0,6,24
2026-09-22 04:54:08,31,0,24.52,0,12,22
2026-09-22 04:54:23,31,0,24.52,0,6,22
2026-09-22 04:54:39,31,0,24.52,0,6,22
2026-09-22 04:54:54,31,0,24.52,0,11,22
2026-09-22 04:55:10,31,0,24.52,0,4,22
2026-09-22 04:55:25,31,0,24.52,0,5,24
2026-09-22 04:55:40,31,0,24.52,0,11,22
2026-09-22 04:55:56,31,0,24.52,0,5,22
2026-09-22 04:56:11,31,0,24.52,0,7,22
2026-09-22 04:56:27,31,0,24.52,0,4,22
2026-09-22 04:56:42,31,0,24.52,0,5,24
2026-09-22 04:56:57,31,0,24.52,0,6,22
2026-09-22 04:57:13,31,0,24.52,0,6,22
2026-09-22 04:57:28,31,0,24.52,0,4,22
2026-09-22 04:57:44,31,0,24.52,0,7,22
2026-09-22 04:58:00,31,0,24.51,0,7,24
2026-09-22 04:58:15,31,0,24.52,0,6,22
2026-09-22 04:58:31,31,0,24.52,0,10,22
2026-09-22 04:58:46,31,0,24.52,0,9,22
2026-09-22 04:59:02,31,0,24.52,0,4,22
2026-09-22 04:59:17,31,0,24.52,0,5,24
2026-09-22 04:59:32,31,0,24.52,0,3,22
2026-09-22 04:59:48,31,0,24.52,0,4,22
2026-09-22 05:00:03,31,0,24.52,0,6,0
2026-09-22 05:00:19,31,0,24.52,0,3,0
2026-09-22 05:00:34,31,0,24.52,0,3,2
2026-09-22 05:00:49,31,0,24.52,0,2,0
2026-09-22 05:01:05,31,0,24.52,0,1,0
2026-09-22 05:01:20,31,0,24.52,0,3,0
2026-09-22 05:01:35,31,0,24.52,0,2,0
2026-09-22 05:01:51,31,0,24.52,0,3,2
2026-09-22 05:02:06,31,0,24.52,0,3,0
2026-09-22 05:02:22,31,0,24.54,0,7,0
2026-09-22 05:02:37,31,0,24.54,0,0,0
2026-09-22 05:02:53,31,0,24.54,0,0,0
2026-09-22 05:03:08,31,0,24.52,0,2,0
2026-09-22 05:03:23,31,0,24.54,0,2,0
2026-09-22 05:03:39,31,0,24.54,0,3,0
2026-09-22 05:03:54,31,0,24.52,0,2,0
2026-09-22 05:04:10,31,0,24.54,0,0,0
2026-09-22 05:04:25,31,0,24.54,0,0,0
2026-09-22 05:04:40,31,0,24.52,0,3,2
2026-09-22 05:04:56,31,0,24.54,0,2,0
2026-09-22 05:05:11,30,0,24.54,0,2,0
2026-09-22 05:05:27,31,0,24.54,0,1,0
2026-09-22 05:05:42,31,0,24.54,0,2,0
2026-09-22 05:05:57,30,0,24.52,0,3,2
2026-09-22 05:06:13,30,0,24.54,0,2,0
2026-09-22 05:06:28,30,0,24.54,0,8,0
2026-09-22 05:06:44,30,0,24.54,0,1,0
2026-09-22 05:06:59,30,0,24.54,0,2,0
2026-09-22 05:07:14,30,0,24.54,0,2,2
2026-09-22 05:07:30,30,0,24.52,0,1,2
2026-09-22 05:07:45,30,0,24.54,0,4,0
2026-09-22 05:08:01,30,0,24.54,0,2,0
2026-09-22 05:08:16,30,0,24.54,0,1,0
2026-09-22 05:08:32,30,0,24.54,0,6,0
2026-09-22 05:08:47,30,0,24.54,0,0,0
2026-09-22 05:09:02,30,0,24.52,0,6,2
2026-09-22 05:09:18,30,0,24.54,0,1,0
2026-09-22 05:09:33,30,0,24.54,0,2,0
2026-09-22 05:09:49,30,0,24.54,0,0,0
2026-09-22 05:10:04,30,0,24.54,0,7,0
2026-09-22 05:10:19,30,0,24.52,0,2,2
2026-09-22 05:10:35,30,0,24.54,0,8,0
2026-09-22 05:10:50,30,0,24.54,0,2,0
2026-09-22 05:11:06,30,0,24.54,0,3,0
2026-09-22 05:11:21,30,0,24.54,0,2,0
2026-09-22 05:11:36,30,0,24.02,0,2,2
2026-09-22 05:11:52,30,0,24.54,0,1,0
2026-09-22 05:12:07,30,0,24.54,0,8,0
2026-09-22 05:12:23,30,0,24.54,0,2,0
2026-09-22 05:12:38,30,0,24.54,0,1,0
2026-09-22 05:12:54,30,0,24.52,0,2,2
2026-09-22 05:13:09,30,0,24.54,0,3,0
2026-09-22 05:13:24,30,0,24.54,0,11,0
2026-09-22 05:13:40,30,0,24.54,0,1,0
2026-09-22 05:13:55,30,0,24.54,0,7,0
2026-09-22 05:14:12,30,0,24.54,0,1,2
2026-09-22 05:14:27,30,0,24.54,0,7,0
2026-09-22 05:14:42,30,0,24.54,0,1,0
2026-09-22 05:14:58,30,0,24.54,0,1,0
2026-09-22 05:15:13,30,0,24.54,0,7,0
2026-09-22 05:15:29,30,0,24.04,0,2,0
2026-09-22 05:15:44,30,0,24.54,0,2,0
2026-09-22 05:16:00,30,0,24.54,0,6,0
2026-09-22 05:16:15,30,0,24.54,0,1,0
2026-09-22 05:16:30,30,0,24.54,0,7,0
2026-09-22 05:16:46,30,0,24.54,0,7,0
2026-09-22 05:17:01,30,0,24.52,0,4,2
2026-09-22 05:17:17,30,0,24.54,0,2,0
2026-09-22 05:17:32,30,0,24.04,0,0,0
2026-09-22 05:17:47,30,0,24.54,0,3,0
2026-09-22 05:18:03,30,0,24.04,0,1,0
2026-09-22 05:18:18,30,0,24.04,0,8,2
2026-09-22 05:18:34,30,0,24.54,0,1,0
2026-09-22 05:18:49,30,0,24.54,0,1,0
2026-09-22 05:19:04,30,0,24.54,0,1,0
2026-09-22 05:19:20,30,0,24.52,0,1,0
2026-09-22 05:19:35,30,0,24.52,0,3,2
2026-09-22 05:19:51,30,0,24.54,0,1,0
2026-09-22 05:20:06,30,0,24.04,0,1,0
2026-09-22 05:20:22,30,0,24.54,0,2,0
2026-09-22 05:20:37,30,0,24.54,0,1,0
2026-09-22 05:20:52,30,0,24.52,0,9,2
2026-09-22 05:21:08,30,0,24.52,0,3,2
2026-09-22 05:21:23,30,0,24.54,0,6,0
2026-09-22 05:21:39,30,0,24.04,0,1,0
2026-09-22 05:21:54,30,0,24.54,0,2,0
2026-09-22 05:22:09,30,0,24.54,0,2,0
2026-09-22 05:22:25,30,0,24.54,0,2,0
2026-09-22 05:22:40,30,0,24.52,0,3,2
2026-09-22 05:22:56,30,0,24.54,0,0,0
2026-09-22 05:23:11,30,0,24.54,0,7,0
2026-09-22 05:23:26,30,0,24.54,0,2,0
2026-09-22 05:23:42,30,0,24.54,0,1,0
2026-09-22 05:23:57,30,0,24.52,0,7,2
2026-09-22 05:24:13,30,0,24.04,0,2,0
2026-09-22 05:24:28,30,0,24.54,0,7,0
2026-09-22 05:24:44,30,0,24.54,0,1,0
2026-09-22 05:24:59,30,0,24.54,0,1,0
2026-09-22 05:25:14,30,0,24.52,0,10,2
2026-09-22 05:25:30,30,0,24.54,0,1,0
2026-09-22 05:25:45,30,0,24.54,0,1,0
2026-09-22 05:26:01,30,0,24.04,0,2,0
2026-09-22 05:26:16,30,0,24.04,0,1,0
2026-09-22 05:26:31,30,0,24.54,0,6,0
2026-09-22 05:26:47,30,0,24.04,0,3,0
2026-09-22 05:27:02,30,0,24.54,0,7,0
2026-09-22 05:27:18,30,0,24.54,0,2,0
2026-09-22 05:27:33,30,0,24.04,0,2,0
2026-09-22 05:27:48,30,0,24.54,0,2,0
2026-09-22 05:28:04,30,0,24.52,0,3,2
2026-09-22 05:28:19,30,0,24.54,0,7,0
2026-09-22 05:28:35,30,0,24.54,0,1,0
2026-09-22 05:28:50,30,0,24.04,0,7,0
2026-09-22 05:29:06,30,0,24.54,0,2,0
2026-09-22 05:29:21,30,0,24.52,0,4,2
2026-09-22 05:29:36,30,0,24.54,0,2,0
2026-09-22 05:29:52,30,0,24.04,0,1,0
2026-09-22 05:30:07,30,0,24.54,0,6,0
2026-09-22 05:30:24,30,0,24.04,0,1,0
2026-09-22 05:30:39,30,0,24.52,0,3,2
2026-09-22 05:30:54,30,0,24.54,0,1,0
2026-09-22 05:31:10,30,0,24.54,0,2,0
2026-09-22 05:31:25,30,0,24.54,0,0,0
2026-09-22 05:31:41,30,0,24.54,0,1,0
2026-09-22 05:31:56,30,0,24.52,0,3,2
2026-09-22 05:32:11,30,0,24.54,0,0,0
2026-09-22 05:32:27,30,0,24.54,0,6,0
2026-09-22 05:32:42,30,0,24.54,0,2,0
2026-09-22 05:32:58,30,0,24.04,0,2,0
2026-09-22 05:33:13,30,0,24.52,0,8,2
2026-09-22 05:33:28,30,0,24.54,0,2,0
2026-09-22 05:33:44,30,0,24.54,0,1,0
2026-09-22 05:33:59,30,0,24.04,0,1,0
2026-09-22 05:34:15,30,0,24.04,0,1,0
2026-09-22 05:34:30,30,0,24.02,0,3,2
2026-09-22 05:34:45,30,0,24.52,0,8,2
2026-09-22 05:35:01,30,0,24.02,0,4,2
2026-09-22 05:35:16,30,0,24.54,0,2,0
2026-09-22 05:35:32,30,0,24.54,0,3,0
2026-09-22 05:35:47,30,0,24.04,0,0,0
2026-09-22 05:36:03,30,0,24.54,0,7,0
2026-09-22 05:36:18,30,0,24.02,0,8,2
2026-09-22 05:36:33,30,0,24.04,0,2,0
2026-09-22 05:36:49,30,0,24.04,0,1,0
2026-09-22 05:37:04,30,0,24.04,0,12,0
2026-09-22 05:37:20,30,0,24.04,0,1,0
2026-09-22 05:37:35,30,0,24.54,0,0,0
2026-09-22 05:37:50,30,0,24.04,0,2,0
2026-09-22 05:38:06,30,0,24.04,0,2,0
2026-09-22 05:38:21,30,0,24.54,0,7,0
2026-09-22 05:38:37,30,0,24.04,0,1,0
2026-09-22 05:38:52,30,0,24.54,0,2,0
2026-09-22 05:39:07,30,0,24.52,0,7,0
2026-09-22 05:39:23,30,0,24.04,0,2,0
2026-09-22 05:39:38,30,0,24.04,0,2,0
2026-09-22 05:39:54,30,0,24.54,0,7,0
2026-09-22 05:40:09,30,0,24.04,0,6,0
2026-09-22 05:40:24,30,0,24.52,0,3,2
2026-09-22 05:40:40,30,0,24.04,0,2,0
2026-09-22 05:40:55,30,0,24.04,0,2,0
2026-09-22 05:41:11,30,0,24.04,0,1,0
2026-09-22 05:41:26,30,0,24.04,0,0,0
2026-09-22 05:41:42,30,0,24.52,0,8,2
2026-09-22 05:41:57,30,0,24.54,0,0,0
2026-09-22 05:42:12,30,0,24.04,0,2,0
2026-09-22 05:42:28,30,0,24.04,0,0,0
2026-09-22 05:42:43,30,0,24.04,0,8,0
2026-09-22 05:42:59,30,0,24.02,0,4,2
2026-09-22 05:43:14,30,0,24.04,0,7,0
2026-09-22 05:43:29,30,0,24.04,0,2,0
2026-09-22 05:43:45,30,0,24.04,0,7,0
2026-09-22 05:44:00,30,0,24.04,0,0,0
2026-09-22 05:44:16,30,0,24.02,0,3,2
2026-09-22 05:44:31,30,0,24.54,0,1,0
2026-09-22 05:44:47,30,0,24.54,0,3,0
2026-09-22 05:45:02,30,0,24.54,0,1,0
2026-09-22 05:45:17,30,0,24.04,0,3,0
2026-09-22 05:45:33,30,0,24.02,0,8,2
2026-09-22 05:45:48,30,0,24.04,0,0,0
2026-09-22 05:46:04,30,0,24.04,0,2,0
2026-09-22 05:46:19,30,0,24.04,0,3,0
2026-09-22 05:46:35,30,0,24.04,0,6,0
2026-09-22 05:46:51,30,0,24.52,0,4,2
2026-09-22 05:47:06,30,0,24.04,0,7,0
2026-09-22 05:47:22,30,0,24.04,0,4,0
2026-09-22 05:47:37,30,0,24.04,0,0,0
2026-09-22 05:47:52,30,0,24.54,0,6,0
2026-09-22 05:48:08,30,0,24.04,0,7,0
2026-09-22 05:48:23,30,0,24.02,0,1,2
2026-09-22 05:48:39,30,0,24.02,0,3,2
2026-09-22 05:48:54,30,0,24.04,0,1,0
2026-09-22 05:49:09,30,0,24.54,0,9,0
2026-09-22 05:49:25,30,0,24.04,0,2,0
2026-09-22 05:49:40,30,0,24.54,0,2,0
2026-09-22 05:49:56,30,0,24.04,0,2,0
2026-09-22 05:50:11,30,0,24.04,0,2,0
2026-09-22 05:50:27,30,0,24.04,0,1,0
2026-09-22 05:50:42,30,0,24.04,0,2,0
2026-09-22 05:50:57,30,0,24.04,0,3,0
2026-09-22 05:51:13,30,0,24.54,0,2,0
2026-09-22 05:51:28,30,0,24.52,0,7,2
2026-09-22 05:51:44,30,0,24.54,0,6,0
2026-09-22 05:51:59,30,0,24.04,0,0,0
2026-09-22 05:52:14,30,0,24.04,0,4,0
2026-09-22 05:52:30,30,0,24.04,0,1,0
2026-09-22 05:52:45,30,0,24.02,0,2,2
2026-09-22 05:53:01,30,0,24.04,0,3,0
2026-09-22 05:53:16,30,0,24.04,0,1,0
2026-09-22 05:53:31,30,0,24.04,0,9,0
2026-09-22 05:53:47,30,0,24.04,0,1,0
2026-09-22 05:54:02,30,0,24.02,0,5,2
2026-09-22 05:54:18,30,0,24.04,0,6,0
2026-09-22 05:54:33,30,0,24.04,0,2,0
2026-09-22 05:54:49,30,0,24.54,0,1,0
2026-09-22 05:55:04,30,0,24.04,0,2,0
2026-09-22 05:55:19,30,0,24.02,0,4,2
2026-09-22 05:55:35,30,0,24.04,0,2,0
2026-09-22 05:55:50,30,0,24.04,0,1,0
2026-09-22 05:56:06,30,0,24.04,0,2,0
2026-09-22 05:56:21,30,0,24.04,0,1,0
2026-09-22 05:56:36,30,0,24.02,0,3,2
2026-09-22 05:56:52,30,0,24.04,0,8,0
2026-09-22 05:57:07,30,0,24.04,0,1,0
2026-09-22 05:57:23,30,0,24.04,0,2,0
2026-09-22 05:57:38,30,0,24.04,0,6,0
2026-09-22 05:57:53,30,0,24.02,0,8,2
2026-09-22 05:58:09,30,0,24.04,0,2,0
2026-09-22 05:58:24,30,0,24.54,0,2,0
2026-09-22 05:58:40,30,0,24.04,0,6,0
2026-09-22 05:58:55,30,0,24.54,0,8,0
2026-09-22 05:59:11,30,0,24.04,0,2,0
2026-09-22 05:59:26,30,0,24.04,0,1,0
2026-09-22 05:59:41,30,0,24.04,0,5,0
2026-09-22 05:59:57,30,0,24.04,0,7,0
2026-09-22 06:00:12,30,0,24.54,0,2,0
2026-09-22 06:00:28,30,0,24.04,0,2,0
2026-09-22 06:00:43,30,0,24.02,0,8,0
2026-09-22 06:00:58,30,0,24.04,0,2,0
2026-09-22 06:01:14,30,0,24.04,0,7,0
2026-09-22 06:01:29,30,0,24.04,0,2,0
2026-09-22 06:01:45,30,0,24.04,0,0,0
2026-09-22 06:02:00,30,0,24.02,0,4,2
2026-09-22 06:02:15,30,0,24.52,0,10,2
2026-09-22 06:02:31,30,0,24.54,0,3,0
2026-09-22 06:02:47,30,0,24.04,0,0,0
2026-09-22 06:03:03,30,0,24.04,0,3,0
2026-09-22 06:03:18,30,0,24.04,0,2,0
2026-09-22 06:03:33,30,0,24.04,0,6,0
2026-09-22 06:03:49,30,0,24.02,0,3,2
2026-09-22 06:04:04,30,0,24.04,0,1,0
2026-09-22 06:04:20,30,0,24.04,0,2,0
2026-09-22 06:04:35,30,0,24.04,0,2,0
2026-09-22 06:04:50,30,0,24.04,0,7,0
2026-09-22 06:05:06,30,0,24.02,0,3,2
2026-09-22 06:05:21,30,0,24.04,0,6,0
2026-09-22 06:05:37,30,0,24.04,0,1,0
2026-09-22 06:05:52,30,0,24.04,0,7,0
2026-09-22 06:06:08,30,0,24.04,0,2,0
2026-09-22 06:06:23,30,0,24.02,0,7,2
2026-09-22 06:06:38,30,0,24.04,0,3,0
2026-09-22 06:06:54,30,0,24.04,0,2,0
2026-09-22 06:07:09,30,0,24.04,0,1,0
2026-09-22 06:07:25,30,0,24.04,0,1,0
2026-09-22 06:07:40,30,0,24.02,0,4,2
2026-09-22 06:07:55,30,0,24.54,0,6,0
2026-09-22 06:08:11,30,0,24.04,0,2,0
2026-09-22 06:08:26,30,0,24.04,0,8,0
2026-09-22 06:08:42,30,0,24.04,0,1,0
2026-09-22 06:08:57,30,0,24.02,0,1,2
2026-09-22 06:09:12,30,0,24.04,0,3,0
2026-09-22 06:09:28,30,0,24.04,0,2,0
2026-09-22 06:09:43,30,0,24.04,0,2,0
2026-09-22 06:09:59,30,0,24.04,0,1,0
2026-09-22 06:10:14,30,0,24.52,0,2,2
2026-09-22 06:10:30,30,0,24.04,0,7,0
2026-09-22 06:10:45,30,0,24.04,0,2,0
2026-09-22 06:11:00,30,0,24.04,0,9,0
2026-09-22 06:11:16,30,0,24.04,0,1,0
2026-09-22 06:11:31,30,0,24.02,0,2,2
2026-09-22 06:11:47,30,0,24.04,0,1,0
2026-09-22 06:12:02,30,0,24.04,0,6,0
2026-09-22 06:12:17,30,0,24.04,0,2,0
2026-09-22 06:12:33,30,0,24.04,0,1,0
2026-09-22 06:12:48,30,0,24.04,0,3,0
2026-09-22 06:13:04,30,0,24.04,0,4,0
2026-09-22 06:13:19,30,0,24.04,0,2,0
2026-09-22 06:13:34,30,0,24.04,0,2,0
2026-09-22 06:13:50,30,0,24.04,0,3,0
2026-09-22 06:14:05,30,0,24.04,0,1,0
2026-09-22 06:14:21,30,0,24.02,0,6,2
2026-09-22 06:14:36,30,0,24.54,0,7,0
2026-09-22 06:14:52,30,0,24.04,0,5,0
2026-09-22 06:15:07,30,0,24.04,0,2,0
2026-09-22 06:15:22,30,0,24.04,0,2,0
2026-09-22 06:15:38,30,0,24.02,0,3,2
2026-09-22 06:15:53,30,0,24.02,0,3,2
2026-09-22 06:16:09,30,0,24.04,0,3,0
2026-09-22 06:16:24,30,0,24.04,0,2,0
2026-09-22 06:16:39,30,0,24.04,0,1,0
2026-09-22 06:16:55,30,0,24.04,0,1,0
2026-09-22 06:17:10,30,0,24.04,0,2,0
2026-09-22 06:17:26,30,0,24.02,0,3,2
2026-09-22 06:17:41,30,0,24.04,0,2,0
2026-09-22 06:17:56,30,0,24.04,0,7,0
2026-09-22 06:18:12,30,0,24.04,0,2,0
2026-09-22 06:18:27,30,0,24.04,0,2,0
2026-09-22 06:18:43,30,0,24.02,0,3,2
2026-09-22 06:18:59,30,0,24.04,0,1,0
2026-09-22 06:19:14,30,0,24.02,0,9,0
2026-09-22 06:19:30,30,0,24.52,0,3,0
2026-09-22 06:19:45,30,0,24.04,0,2,0
2026-09-22 06:20:01,30,0,24.52,0,4,2
2026-09-22 06:20:16,30,0,24.54,0,7,0
2026-09-22 06:20:32,30,0,24.54,0,2,0
2026-09-22 06:20:47,30,0,24.04,0,2,0
2026-09-22 06:21:02,30,0,24.04,0,3,0
2026-09-22 06:21:18,30,0,24.52,0,4,2
2026-09-22 06:21:33,30,0,24.04,0,3,0
2026-09-22 06:21:49,30,0,24.04,0,2,0
2026-09-22 06:22:04,30,0,24.04,0,0,0
2026-09-22 06:22:19,30,0,24.04,0,2,0
2026-09-22 06:22:35,30,0,24.02,0,3,2
2026-09-22 06:22:50,30,0,24.04,0,0,0
2026-09-22 06:23:06,30,0,24.04,0,3,0
2026-09-22 06:23:21,30,0,24.04,0,2,0
2026-09-22 06:23:36,30,0,24.04,0,2,0
2026-09-22 06:23:52,30,0,24.04,0,1,0
2026-09-22 06:24:07,30,0,24.04,0,3,0
2026-09-22 06:24:23,30,0,24.04,0,7,0
2026-09-22 06:24:38,30,0,24.04,0,2,0
2026-09-22 06:24:54,30,0,24.04,0,2,0
2026-09-22 06:25:09,30,0,24.04,0,2,0
2026-09-22 06:25:24,30,0,24.02,0,1,0
2026-09-22 06:25:40,30,0,24.04,0,2,0
2026-09-22 06:25:55,30,0,24.04,0,7,0
2026-09-22 06:26:11,30,0,24.04,0,7,0
2026-09-22 06:26:26,30,0,24.04,0,0,0
2026-09-22 06:26:41,30,0,24.02,0,7,2
2026-09-22 06:26:57,30,0,24.04,0,3,0
2026-09-22 06:27:12,30,0,24.04,0,0,0
2026-09-22 06:27:28,30,0,24.04,0,1,0
2026-09-22 06:27:43,30,0,24.04,0,1,0
2026-09-22 06:27:58,30,0,24.02,0,4,2
2026-09-22 06:28:14,30,0,24.04,0,6,0
2026-09-22 06:28:29,30,0,24.04,0,6,0
2026-09-22 06:28:45,30,0,24.04,0,1,0
2026-09-22 06:29:00,30,0,24.04,0,2,0
2026-09-22 06:29:15,30,0,24.02,0,3,2
2026-09-22 06:29:31,30,0,24.02,0,2,2
2026-09-22 06:29:46,30,0,24.04,0,8,0
2026-09-22 06:30:02,30,0,24.04,0,2,0
2026-09-22 06:30:17,30,0,24.04,0,7,0
2026-09-22 06:30:33,30,0,24.04,0,1,0
2026-09-22 06:30:48,30,0,24.04,0,0,0
2026-09-22 06:31:03,30,0,24.02,0,3,2
2026-09-22 06:31:19,30,0,24.04,0,7,0
2026-09-22 06:31:34,30,0,24.04,0,0,0
2026-09-22 06:31:50,30,0,24.04,0,2,0
2026-09-22 06:32:05,30,0,24.04,0,2,0
2026-09-22 06:32:20,30,0,24.02,0,3,2
2026-09-22 06:32:36,30,0,24.04,0,2,0
2026-09-22 06:32:51,30,0,24.04,0,6,0
2026-09-22 06:33:07,30,0,24.04,0,1,0
2026-09-22 06:33:22,30,0,24.04,0,6,0
2026-09-22 06:33:38,30,0,24.02,0,2,2
2026-09-22 06:33:53,30,0,24.04,0,2,0
2026-09-22 06:34:08,30,0,24.04,0,6,0
2026-09-22 06:34:24,30,0,24.04,0,2,0
2026-09-22 06:34:39,30,0,24.04,0,2,0
2026-09-22 06:34:55,30,0,24.04,0,2,0
2026-09-22 06:35:11,30,0,24.04,0,2,0
2026-09-22 06:35:26,30,0,24.04,0,2,0
2026-09-22 06:35:42,30,0,24.04,0,2,0
2026-09-22 06:35:57,30,0,24.04,0,8,0
2026-09-22 06:36:13,30,0,24.54,0,8,0
2026-09-22 06:36:28,30,0,24.02,0,1,0
2026-09-22 06:36:43,30,0,24.04,0,7,0
2026-09-22 06:36:59,30,0,24.04,0,2,0
2026-09-22 06:37:14,30,0,24.04,0,2,0
2026-09-22 06:37:30,30,0,24.04,0,1,0
2026-09-22 06:37:45,30,0,24.02,0,7,2
2026-09-22 06:38:00,30,0,24.04,0,7,0
2026-09-22 06:38:16,30,0,24.04,0,3,0
2026-09-22 06:38:31,30,0,24.04,0,2,0
2026-09-22 06:38:47,30,0,24.04,0,6,0
2026-09-22 06:39:02,30,0,24.02,0,3,2
2026-09-22 06:39:18,30,0,24.04,0,6,0
2026-09-22 06:39:33,30,0,24.04,0,2,0
2026-09-22 06:39:48,30,0,24.04,0,6,0
2026-09-22 06:40:04,30,0,24.04,0,7,0
2026-09-22 06:40:19,30,0,24.02,0,4,2
2026-09-22 06:40:35,30,0,24.04,0,1,0
2026-09-22 06:40:50,30,0,24.04,0,1,0
2026-09-22 06:41:05,30,0,24.04,0,2,0
2026-09-22 06:41:21,30,0,24.04,0,1,0
2026-09-22 06:41:36,30,0,24.02,0,2,2
2026-09-22 06:41:52,30,0,24.04,0,1,0
2026-09-22 06:42:07,30,0,24.04,0,8,0
2026-09-22 06:42:22,30,0,24.04,0,2,0
2026-09-22 06:42:38,30,0,24.04,0,2,0
2026-09-22 06:42:53,30,0,24.04,0,1,0
2026-09-22 06:43:09,30,0,24.02,0,3,2
2026-09-22 06:43:24,30,0,24.02,0,8,2
2026-09-22 06:43:39,30,0,24.04,0,2,0
2026-09-22 06:43:55,30,0,24.54,0,1,0
2026-09-22 06:44:10,30,0,24.04,0,2,0
2026-09-22 06:44:26,30,0,24.04,0,6,0
2026-09-22 06:44:41,30,0,24.04,0,2,0
2026-09-22 06:44:57,30,0,24.04,0,8,0
2026-09-22 06:45:12,30,0,24.04,0,3,0
2026-09-22 06:45:27,30,0,24.04,0,2,0
2026-09-22 06:45:43,30,0,24.04,0,2,0
2026-09-22 06:45:58,30,0,24.04,0,1,0
2026-09-22 06:46:14,30,0,24.52,0,4,2
2026-09-22 06:46:29,30,0,24.04,0,2,0
2026-09-22 06:46:44,30,0,24.04,0,2,0
2026-09-22 06:47:00,30,0,24.04,0,4,0
2026-09-22 06:47:15,30,0,24.04,0,2,0
2026-09-22 06:47:31,30,0,24.02,0,3,2
2026-09-22 06:47:46,30,0,24.04,0,2,0
2026-09-22 06:48:02,30,0,24.54,0,2,0
2026-09-22 06:48:17,30,0,24.04,0,8,0
2026-09-22 06:48:32,30,0,24.54,0,0,0
2026-09-22 06:48:48,30,0,24.02,0,2,2
2026-09-22 06:49:03,30,0,24.04,0,1,0
2026-09-22 06:49:19,30,0,24.04,0,2,0
2026-09-22 06:49:34,30,0,24.04,0,1,0
2026-09-22 06:49:49,30,0,24.04,0,2,0
2026-09-22 06:50:05,30,0,24.02,0,3,2
2026-09-22 06:50:20,30,0,24.04,0,2,0
2026-09-22 06:50:36,30,0,24.04,0,2,0
2026-09-22 06:50:51,30,0,24.04,0,6,0
2026-09-22 06:51:06,30,0,24.04,0,7,0
2026-09-22 06:51:23,30,0,24.52,0,7,2
2026-09-22 06:51:38,30,0,24.54,0,0,0
2026-09-22 06:51:54,30,0,24.04,0,7,0
2026-09-22 06:52:09,30,0,24.04,0,2,0
2026-09-22 06:52:24,30,0,24.04,0,7,0
2026-09-22 06:52:40,30,0,24.02,0,3,2
2026-09-22 06:52:55,30,0,24.04,0,2,0
2026-09-22 06:53:11,30,0,24.04,0,5,0
2026-09-22 06:53:26,30,0,24.04,0,2,0
2026-09-22 06:53:42,30,0,24.04,0,1,0
2026-09-22 06:53:57,30,0,24.02,0,8,2
2026-09-22 06:54:12,30,0,24.04,0,2,0
2026-09-22 06:54:28,30,0,24.04,0,1,0
2026-09-22 06:54:43,30,0,24.04,0,2,0
2026-09-22 06:54:59,30,0,24.04,0,2,0
2026-09-22 06:55:14,30,0,24.54,0,7,0
2026-09-22 06:55:29,30,0,24.02,0,2,0
2026-09-22 06:55:45,30,0,24.04,0,3,0
2026-09-22 06:56:00,30,0,24.04,0,2,0
2026-09-22 06:56:16,30,0,24.04,0,0,0
2026-09-22 06:56:31,30,0,24.04,0,3,0
2026-09-22 06:56:46,30,0,24.02,0,8,2
2026-09-22 06:57:02,30,0,24.52,0,7,2
2026-09-22 06:57:17,30,0,24.04,0,0,0
2026-09-22 06:57:33,30,0,24.04,0,0,0
2026-09-22 06:57:48,30,0,24.04,0,6,0
2026-09-22 06:58:04,30,0,24.04,0,3,0
2026-09-22 06:58:19,30,0,24.54,0,1,0
2026-09-22 06:58:34,30,0,24.02,0,3,2
2026-09-22 06:58:50,30,0,24.04,0,0,0
2026-09-22 06:59:05,30,0,24.04,0,2,0
2026-09-22 06:59:21,30,0,24.04,0,2,0
2026-09-22 06:59:36,30,0,24.04,0,2,0
2026-09-22 06:59:51,30,0,24.02,0,8,2
2026-09-22 07:00:07,30,0,24.04,0,7,0
2026-09-22 07:00:22,30,0,24.04,0,1,0
2026-09-22 07:00:38,30,0,24.04,0,7,0
2026-09-22 07:00:53,30,0,24.04,0,2,0
2026-09-22 07:01:08,30,0,24.02,0,4,2
2026-09-22 07:01:24,30,0,24.54,0,8,0
2026-09-22 07:01:39,30,0,24.04,0,2,0
2026-09-22 07:01:55,30,0,24.04,0,1,0
2026-09-22 07:02:10,30,0,24.04,0,9,0
2026-09-22 07:02:26,30,0,24.02,0,2,2
2026-09-22 07:02:41,30,0,24.04,0,3,0
2026-09-22 07:02:56,30,0,24.04,0,1,0
2026-09-22 07:03:12,30,0,24.04,0,2,0
2026-09-22 07:03:27,30,0,24.04,0,3,0
2026-09-22 07:03:43,30,0,24.02,0,9,2
2026-09-22 07:03:58,30,0,24.04,0,3,0
2026-09-22 07:04:13,30,0,24.04,0,1,0
2026-09-22 07:04:29,30,0,24.04,0,3,0
2026-09-22 07:04:44,30,0,24.04,0,2,0
2026-09-22 07:05:00,30,0,24.02,0,3,2
2026-09-22 07:05:15,30,0,24.04,0,7,0
2026-09-22 07:05:30,30,0,24.04,0,2,0
2026-09-22 07:05:46,30,0,24.04,0,2,0
2026-09-22 07:06:01,30,0,24.04,0,1,0
2026-09-22 07:06:17,30,0,24.54,0,0,0
2026-09-22 07:06:32,30,0,24.04,0,3,0
2026-09-22 07:06:48,30,0,24.04,0,1,0
2026-09-22 07:07:03,30,0,24.04,0,2,0
2026-09-22 07:07:18,30,0,24.04,0,2,0
2026-09-22 07:07:35,30,0,24.04,0,2,0
2026-09-22 07:07:50,30,0,24.04,0,2,0
2026-09-22 07:08:06,30,0,24.04,0,2,0
2026-09-22 07:08:21,30,0,24.54,0,2,0
2026-09-22 07:08:36,30,0,24.04,0,2,0
2026-09-22 07:08:52,30,0,24.04,0,2,0
2026-09-22 07:09:07,30,0,24.02,0,1,2
2026-09-22 07:09:23,30,0,24.04,0,0,0
2026-09-22 07:09:38,30,0,24.04,0,7,0
2026-09-22 07:09:53,30,0,24.04,0,2,0
2026-09-22 07:10:09,30,0,24.04,0,2,0
2026-09-22 07:10:24,30,0,24.02,0,3,2
2026-09-22 07:10:40,30,0,24.02,0,3,2
2026-09-22 07:10:55,30,0,24.04,0,4,0
2026-09-22 07:11:10,30,0,24.04,0,1,0
2026-09-22 07:11:26,30,0,24.04,0,2,0
2026-09-22 07:11:41,30,0,24.04,0,0,0
2026-09-22 07:11:57,30,0,24.04,0,2,0
2026-09-22 07:12:12,30,0,24.02,0,3,2
2026-09-22 07:12:28,30,0,24.04,0,3,0
2026-09-22 07:12:43,30,0,24.04,0,3,0
2026-09-22 07:12:58,30,0,24.04,0,1,0
2026-09-22 07:13:14,30,0,24.04,0,2,0
2026-09-22 07:13:29,30,0,24.02,0,8,2
2026-09-22 07:13:45,30,0,24.04,0,6,0
2026-09-22 07:14:00,30,0,24.04,0,0,0
2026-09-22 07:14:15,30,0,24.04,0,2,0
2026-09-22 07:14:31,30,0,24.04,0,6,0
2026-09-22 07:14:46,30,0,24.02,0,8,2
2026-09-22 07:15:02,30,0,24.04,0,4,0
2026-09-22 07:15:17,30,0,24.04,0,7,0
2026-09-22 07:15:32,30,0,24.54,0,3,0
2026-09-22 07:15:48,30,0,24.04,0,1,0
2026-09-22 07:16:03,30,0,24.02,0,2,2
2026-09-22 07:16:19,30,0,24.04,0,1,0
2026-09-22 07:16:34,30,0,24.04,0,7,0
2026-09-22 07:16:50,30,0,24.04,0,0,0
2026-09-22 07:17:05,30,0,24.04,0,3,0
2026-09-22 07:17:20,30,0,24.54,0,0,0
2026-09-22 07:17:36,30,0,24.02,0,2,0
2026-09-22 07:17:51,30,0,24.04,0,2,0
2026-09-22 07:18:07,30,0,24.04,0,2,0
2026-09-22 07:18:22,30,0,24.04,0,0,0
2026-09-22 07:18:37,30,0,24.54,0,7,0
2026-09-22 07:18:53,30,0,24.02,0,3,2
2026-09-22 07:19:08,30,0,24.02,0,9,0
2026-09-22 07:19:24,30,0,24.52,0,2,0
2026-09-22 07:19:39,30,0,24.04,0,8,0
2026-09-22 07:19:54,30,0,24.54,0,2,0
2026-09-22 07:20:10,30,0,24.02,0,4,2
2026-09-22 07:20:25,30,0,24.04,0,2,0
2026-09-22 07:20:41,30,0,24.04,0,3,0
2026-09-22 07:20:56,30,0,24.04,0,8,0
2026-09-22 07:21:12,30,0,24.04,0,2,0
2026-09-22 07:21:27,30,0,24.52,0,3,2
2026-09-22 07:21:42,30,0,24.04,0,1,0
2026-09-22 07:21:58,30,0,24.54,0,2,0
2026-09-22 07:22:13,30,0,24.04,0,2,0
2026-09-22 07:22:29,30,0,24.54,0,2,0
2026-09-22 07:22:44,30,0,24.02,0,8,2
2026-09-22 07:22:59,30,0,24.04,0,1,0
2026-09-22 07:23:15,30,0,24.54,0,2,0
2026-09-22 07:23:30,30,0,24.04,0,5,0
2026-09-22 07:23:47,30,0,24.04,0,2,0
2026-09-22 07:24:02,30,0,24.02,0,4,2
2026-09-22 07:24:17,30,0,24.02,0,3,2
2026-09-22 07:24:33,30,0,24.04,0,0,0
2026-09-22 07:24:48,30,0,24.54,0,2,0
2026-09-22 07:25:04,30,0,24.04,0,6,0
2026-09-22 07:25:19,30,0,24.04,0,0,0
2026-09-22 07:25:34,30,0,24.54,0,7,0
2026-09-22 07:25:50,30,0,24.02,0,3,2
2026-09-22 07:26:05,30,0,24.04,0,1,0
2026-09-22 07:26:21,30,0,24.04,0,7,0
2026-09-22 07:26:36,30,0,24.04,0,8,0
2026-09-22 07:26:51,30,0,24.04,0,2,0
2026-09-22 07:27:07,30,0,24.02,0,4,2
2026-09-22 07:27:22,30,0,24.04,0,2,0
2026-09-22 07:27:38,30,0,24.04,0,2,0
2026-09-22 07:27:53,30,0,24.04,0,7,0
2026-09-22 07:28:09,30,0,24.04,0,2,0
2026-09-22 07:28:24,30,0,24.02,0,1,2
2026-09-22 07:28:39,30,0,24.04,0,2,0
2026-09-22 07:28:55,30,0,24.54,0,1,0
2026-09-22 07:29:10,30,0,24.04,0,7,0
2026-09-22 07:29:26,30,0,24.04,0,3,0
2026-09-22 07:29:41,30,0,24.04,0,1,0
2026-09-22 07:29:56,30,0,24.02,0,2,0
2026-09-22 07:30:12,30,0,24.04,0,2,0
2026-09-22 07:30:27,30,0,24.04,0,6,0
2026-09-22 07:30:43,30,0,24.54,0,5,0
2026-09-22 07:30:58,30,0,24.04,0,8,0
2026-09-22 07:31:13,30,0,24.52,0,1,2
2026-09-22 07:31:29,30,0,24.04,0,2,0
2026-09-22 07:31:44,30,0,24.04,0,2,0
2026-09-22 07:32:00,30,0,24.54,0,2,0
2026-09-22 07:32:15,30,0,24.04,0,2,0
2026-09-22 07:32:30,30,0,24.02,0,3,2
2026-09-22 07:32:46,30,0,24.54,0,1,0
2026-09-22 07:33:01,30,0,24.54,0,1,0
2026-09-22 07:33:17,30,0,24.54,0,7,0
2026-09-22 07:33:32,30,0,24.04,0,6,0
2026-09-22 07:33:48,30,0,24.52,0,4,2
2026-09-22 07:34:03,30,0,24.04,0,8,0
2026-09-22 07:34:18,30,0,24.54,0,3,0
2026-09-22 07:34:34,30,0,24.04,0,2,0
2026-09-22 07:34:49,30,0,24.04,0,7,0
2026-09-22 07:35:05,30,0,24.02,0,2,2
2026-09-22 07:35:20,30,0,24.04,0,3,0
2026-09-22 07:35:35,30,0,24.04,0,1,0
2026-09-22 07:35:51,30,0,24.04,0,2,0
2026-09-22 07:36:06,30,0,24.04,0,6,0
2026-09-22 07:36:22,30,0,24.02,0,2,2
2026-09-22 07:36:37,30,0,24.04,0,2,0
2026-09-22 07:36:52,30,0,24.54,0,6,0
2026-09-22 07:37:08,30,0,24.04,0,6,0
2026-09-22 07:37:23,30,0,24.04,0,1,0
2026-09-22 07:37:39,30,0,24.04,0,7,0
2026-09-22 07:37:54,30,0,24.52,0,4,2
2026-09-22 07:38:10,30,0,24.02,0,3,2
2026-09-22 07:38:25,30,0,24.04,0,1,0
2026-09-22 07:38:40,30,0,24.04,0,1,0
2026-09-22 07:38:56,30,0,24.04,0,3,0
2026-09-22 07:39:11,30,0,24.04,0,6,0
2026-09-22 07:39:27,30,0,24.04,0,0,2
2026-09-22 07:39:42,30,0,24.04,0,2,0
2026-09-22 07:39:58,30,0,24.04,0,4,0
2026-09-22 07:40:14,30,0,24.04,0,5,0
2026-09-22 07:40:29,30,0,24.54,0,2,0
2026-09-22 07:40:45,30,0,24.54,0,2,0
2026-09-22 07:41:00,30,0,24.54,0,0,0
2026-09-22 07:41:15,30,0,24.04,0,1,0
2026-09-22 07:41:31,30,0,24.54,0,1,0
2026-09-22 07:41:46,30,0,24.04,0,5,0
2026-09-22 07:42:02,30,0,24.04,0,6,0
2026-09-22 07:42:17,30,0,24.52,0,4,2
2026-09-22 07:42:32,30,0,24.04,0,0,0
2026-09-22 07:42:48,30,0,24.04,0,7,0
2026-09-22 07:43:03,30,0,24.54,0,1,0
2026-09-22 07:43:19,30,0,24.54,0,2,0
2026-09-22 07:43:34,30,0,24.02,0,3,2
2026-09-22 07:43:49,30,0,24.04,0,6,0
2026-09-22 07:44:05,30,0,24.04,0,1,0
2026-09-22 07:44:20,30,0,24.04,0,2,0
2026-09-22 07:44:36,30,0,24.04,0,2,0
2026-09-22 07:44:51,30,0,24.52,0,7,2
2026-09-22 07:45:07,30,0,24.04,0,3,0
2026-09-22 07:45:22,30,0,24.54,0,1,0
2026-09-22 07:45:37,30,0,24.04,0,2,0
2026-09-22 07:45:53,30,0,24.54,0,3,0
2026-09-22 07:46:08,30,0,24.02,0,3,2
2026-09-22 07:46:24,30,0,24.04,0,8,0
2026-09-22 07:46:39,30,0,24.04,0,1,0
2026-09-22 07:46:54,30,0,24.54,0,1,0
2026-09-22 07:47:10,30,0,24.04,0,7,0
2026-09-22 07:47:25,30,0,24.02,0,2,2
2026-09-22 07:47:41,30,0,24.54,0,2,0
2026-09-22 07:47:56,30,0,24.54,0,1,0
2026-09-22 07:48:11,30,0,24.54,0,1,0
2026-09-22 07:48:27,30,0,24.54,0,0,0
2026-09-22 07:48:42,30,0,24.52,0,2,2
2026-09-22 07:48:58,30,0,24.54,0,9,0
2026-09-22 07:49:13,30,0,24.04,0,7,0
2026-09-22 07:49:29,30,0,24.04,0,2,0
2026-09-22 07:49:44,30,0,24.04,0,2,0
2026-09-22 07:49:59,30,0,24.04,0,7,0
2026-09-22 07:50:15,30,0,24.04,0,11,0
2026-09-22 07:50:30,30,0,24.04,0,2,0
2026-09-22 07:50:46,30,0,24.54,0,2,0
2026-09-22 07:51:01,30,0,24.04,0,1,0
2026-09-22 07:51:16,30,0,24.54,0,2,0
2026-09-22 07:51:32,30,0,24.52,0,4,2
2026-09-22 07:51:47,30,0,24.02,0,3,2
2026-09-22 07:52:03,30,0,24.54,0,2,0
2026-09-22 07:52:18,30,0,24.04,0,0,0
2026-09-22 07:52:33,30,0,24.04,0,2,0
2026-09-22 07:52:49,30,0,24.04,0,1,0
2026-09-22 07:53:04,30,0,24.04,0,2,0
2026-09-22 07:53:20,30,0,24.54,0,6,0
2026-09-22 07:53:35,30,0,24.54,0,3,0
2026-09-22 07:53:51,30,0,24.54,0,7,0
2026-09-22 07:54:06,30,0,24.04,0,2,0
2026-09-22 07:54:21,30,0,24.54,0,7,0
2026-09-22 07:54:37,30,0,24.52,0,4,2
2026-09-22 07:54:52,30,0,24.54,0,8,0
2026-09-22 07:55:08,30,0,24.54,0,2,0
2026-09-22 07:55:23,30,0,24.04,0,5,0
2026-09-22 07:55:38,30,0,24.54,0,1,0
2026-09-22 07:55:54,30,0,24.52,0,3,2
2026-09-22 07:56:10,30,0,24.04,0,7,0
2026-09-22 07:56:26,30,0,24.04,0,3,0
2026-09-22 07:56:41,30,0,24.54,0,2,0
2026-09-22 07:56:56,30,0,24.54,0,3,0
2026-09-22 07:57:12,30,0,24.02,0,2,2
2026-09-22 07:57:27,30,0,24.54,0,8,0
2026-09-22 07:57:43,30,0,24.54,0,3,0
2026-09-22 07:57:58,30,0,24.04,0,1,0
2026-09-22 07:58:14,30,0,24.54,0,0,0
2026-09-22 07:58:29,30,0,24.52,0,3,2
2026-09-22 07:58:44,30,0,24.04,0,0,0
2026-09-22 07:59:00,30,0,24.04,0,5,0
2026-09-22 07:59:15,30,0,24.04,0,8,0
2026-09-22 07:59:31,30,0,24.54,0,2,0
2026-09-22 07:59:46,30,0,24.52,0,4,2
2026-09-22 08:00:01,30,0,24.54,0,6,0
2026-09-22 08:00:17,30,0,24.54,0,3,0
2026-09-22 08:00:32,30,0,24.04,0,6,0
2026-09-22 08:00:48,30,0,24.54,0,2,0
2026-09-22 08:01:03,30,0,24.54,0,0,2
2026-09-22 08:01:18,30,0,24.54,0,2,0
2026-09-22 08:01:34,30,0,24.54,0,8,0
2026-09-22 08:01:49,30,0,24.54,0,0,0
2026-09-22 08:02:05,30,0,24.04,0,3,0
2026-09-22 08:02:20,30,0,24.54,0,2,0
2026-09-22 08:02:36,30,0,24.52,0,1,0
2026-09-22 08:02:51,30,0,24.54,0,1,0
2026-09-22 08:03:06,30,0,24.54,0,2,0
2026-09-22 08:03:22,30,0,24.04,0,2,0
2026-09-22 08:03:37,30,0,24.04,0,0,0
2026-09-22 08:03:53,30,0,24.52,0,4,2
2026-09-22 08:04:08,30,0,24.54,0,0,0
2026-09-22 08:04:23,30,0,24.54,0,2,0
2026-09-22 08:04:39,30,0,24.54,0,8,0
2026-09-22 08:04:54,30,0,24.04,0,8,0
2026-09-22 08:05:10,30,0,24.52,0,4,2
2026-09-22 08:05:25,30,0,24.52,0,7,2
2026-09-22 08:05:40,30,0,24.04,0,3,0
2026-09-22 08:05:56,30,0,24.04,0,2,0
2026-09-22 08:06:11,30,0,24.54,0,2,0
2026-09-22 08:06:27,30,0,24.54,0,7,0
2026-09-22 08:06:42,30,0,24.54,0,7,0
2026-09-22 08:06:58,30,0,24.52,0,3,2
2026-09-22 08:07:13,30,0,24.04,0,1,0
2026-09-22 08:07:28,30,0,24.04,0,7,0
2026-09-22 08:07:44,30,0,24.54,0,2,0
2026-09-22 08:07:59,30,0,24.04,0,6,0
2026-09-22 08:08:15,30,0,24.52,0,3,2
2026-09-22 08:08:30,30,0,24.54,0,7,0
2026-09-22 08:08:45,30,0,24.04,0,3,0
2026-09-22 08:09:01,30,0,24.04,0,5,0
2026-09-22 08:09:16,30,0,24.04,0,7,0
2026-09-22 08:09:32,30,0,24.52,0,4,2
2026-09-22 08:09:47,30,0,24.04,0,2,0
2026-09-22 08:10:02,30,0,24.54,0,2,0
2026-09-22 08:10:18,30,0,24.54,0,3,0
2026-09-22 08:10:33,30,0,24.04,0,1,0
2026-09-22 08:10:49,30,0,24.52,0,8,2
2026-09-22 08:11:04,30,0,24.54,0,8,0
2026-09-22 08:11:19,30,0,24.54,0,6,0
2026-09-22 08:11:35,30,0,24.54,0,2,0
2026-09-22 08:11:50,30,0,24.54,0,2,0
2026-09-22 08:12:06,30,0,24.54,0,9,2
2026-09-22 08:12:22,30,0,24.04,0,0,0
2026-09-22 08:12:37,30,0,24.04,0,7,0
2026-09-22 08:12:53,30,0,24.04,0,0,0
2026-09-22 08:13:08,30,0,24.54,0,3,0
2026-09-22 08:13:24,30,0,24.54,0,2,0
2026-09-22 08:13:39,30,0,24.54,0,3,0
2026-09-22 08:13:55,30,0,24.54,0,0,0
2026-09-22 08:14:10,30,0,24.54,0,2,0
2026-09-22 08:14:25,30,0,24.04,0,1,0
2026-09-22 08:14:41,30,0,24.04,0,3,0
2026-09-22 08:14:56,30,0,24.52,0,8,2
2026-09-22 08:15:12,30,0,24.54,0,0,0
2026-09-22 08:15:27,30,0,24.04,0,7,0
2026-09-22 08:15:42,30,0,24.54,0,1,0
2026-09-22 08:15:58,30,0,24.54,0,8,0
2026-09-22 08:16:13,30,0,24.52,0,3,2
2026-09-22 08:16:29,30,0,24.54,0,2,0
2026-09-22 08:16:44,30,0,24.54,0,0,0
2026-09-22 08:16:59,30,0,24.54,0,0,0
2026-09-22 08:17:15,30,0,24.54,0,7,0
2026-09-22 08:17:30,30,0,24.02,0,4,2
2026-09-22 08:17:46,30,0,24.54,0,7,0
2026-09-22 08:18:01,30,0,24.54,0,6,0
2026-09-22 08:18:17,30,0,24.04,0,2,0
2026-09-22 08:18:32,30,0,24.54,0,1,0
2026-09-22 08:18:47,30,0,24.02,0,2,2
2026-09-22 08:19:03,30,0,24.52,0,3,2
2026-09-22 08:19:18,30,0,24.52,0,2,0
2026-09-22 08:19:34,30,0,24.54,0,1,0
2026-09-22 08:19:49,30,0,24.54,0,0,0
2026-09-22 08:20:04,30,0,24.54,0,6,0
2026-09-22 08:20:20,30,0,24.54,0,3,0
2026-09-22 08:20:35,30,0,24.52,0,3,2
2026-09-22 08:20:51,30,0,24.54,0,1,0
2026-09-22 08:21:06,30,0,24.52,0,3,0
2026-09-22 08:21:21,30,0,24.04,0,3,0
2026-09-22 08:21:37,30,0,24.54,0,3,0
2026-09-22 08:21:52,30,0,24.52,0,9,2
2026-09-22 08:22:08,30,0,24.54,0,2,0
2026-09-22 08:22:23,30,0,24.54,0,7,0
2026-09-22 08:22:39,30,0,24.54,0,0,0
2026-09-22 08:22:54,30,0,24.54,0,2,0
2026-09-22 08:23:09,30,0,24.52,0,7,2
2026-09-22 08:23:25,30,0,24.54,0,2,0
2026-09-22 08:23:40,30,0,24.54,0,2,0
2026-09-22 08:23:56,30,0,24.54,0,1,0
2026-09-22 08:24:11,30,0,24.54,0,0,0
2026-09-22 08:24:26,30,0,24.54,0,1,0
2026-09-22 08:24:42,30,0,24.54,0,2,0
2026-09-22 08:24:57,30,0,24.54,0,1,0
2026-09-22 08:25:13,30,0,24.54,0,1,0
2026-09-22 08:25:28,30,0,24.04,0,6,0
2026-09-22 08:25:43,30,0,24.54,0,2,0
2026-09-22 08:25:59,30,0,24.52,0,2,2
2026-09-22 08:26:14,30,0,24.54,0,3,0
2026-09-22 08:26:30,30,0,24.54,0,0,0
2026-09-22 08:26:45,30,0,24.54,0,7,0
2026-09-22 08:27:01,30,0,24.54,0,2,0
2026-09-22 08:27:16,30,0,24.52,0,2,2
2026-09-22 08:27:31,30,0,24.54,0,1,0
2026-09-22 08:27:47,30,0,24.54,0,1,0
2026-09-22 08:28:02,30,0,24.54,0,6,0
2026-09-22 08:28:18,30,0,24.54,0,0,0
2026-09-22 08:28:34,30,0,24.52,0,8,2
2026-09-22 08:28:49,30,0,24.54,0,2,0
2026-09-22 08:29:05,30,0,24.54,0,2,0
2026-09-22 08:29:20,30,0,24.54,0,6,0
2026-09-22 08:29:36,30,0,24.54,0,7,0
2026-09-22 08:29:51,30,0,24.52,0,3,2
2026-09-22 08:30:06,30,0,24.54,0,2,0
2026-09-22 08:30:22,30,0,24.04,0,7,0
2026-09-22 08:30:37,30,0,24.54,0,2,0
2026-09-22 08:30:53,30,0,24.54,0,6,0
2026-09-22 08:31:08,30,0,24.02,0,5,2
2026-09-22 08:31:23,30,0,24.54,0,2,0
2026-09-22 08:31:39,30,0,24.54,0,2,0
2026-09-22 08:31:54,30,0,24.04,0,2,0
2026-09-22 08:32:10,30,0,24.54,0,2,0
2026-09-22 08:32:25,30,0,24.52,0,4,2
2026-09-22 08:32:40,30,0,24.52,0,4,2
2026-09-22 08:32:56,30,0,24.52,0,4,2
2026-09-22 08:33:11,30,0,24.54,0,7,0
2026-09-22 08:33:27,30,0,24.54,0,2,0
2026-09-22 08:33:42,30,0,24.54,0,0,0
2026-09-22 08:33:58,30,0,24.54,0,1,0
2026-09-22 08:34:13,30,0,24.52,0,1,2
2026-09-22 08:34:28,30,0,24.54,0,2,0
2026-09-22 08:34:44,30,0,24.54,0,6,0
2026-09-22 08:34:59,30,0,24.54,0,7,0
2026-09-22 08:35:15,30,0,24.54,0,1,0
2026-09-22 08:35:30,30,0,24.54,0,0,0
2026-09-22 08:35:45,30,0,24.54,0,2,0
2026-09-22 08:36:01,30,0,24.54,0,4,0
2026-09-22 08:36:16,30,0,24.54,0,7,0
2026-09-22 08:36:32,30,0,24.04,0,0,0
2026-09-22 08:36:47,30,0,24.54,0,8,0
2026-09-22 08:37:02,30,0,24.52,0,8,2
2026-09-22 08:37:18,30,0,24.54,0,8,0
2026-09-22 08:37:33,30,0,24.54,0,2,0
2026-09-22 08:37:49,30,0,24.54,0,8,0
2026-09-22 08:38:04,30,0,24.54,0,7,0
2026-09-22 08:38:19,30,0,24.52,0,3,2
2026-09-22 08:38:35,30,0,24.54,0,3,0
2026-09-22 08:38:50,30,0,24.54,0,2,0
2026-09-22 08:39:06,30,0,24.54,0,2,0
2026-09-22 08:39:21,30,0,24.04,0,2,0
2026-09-22 08:39:37,30,0,24.52,0,2,2
2026-09-22 08:39:52,30,0,24.54,0,2,0
2026-09-22 08:40:07,30,0,24.54,0,2,0
2026-09-22 08:40:23,30,0,24.54,0,2,0
2026-09-22 08:40:38,30,0,24.54,0,7,0
2026-09-22 08:40:54,30,0,24.02,0,8,2
2026-09-22 08:41:09,30,0,24.54,0,2,0
2026-09-22 08:41:24,30,0,24.54,0,7,0
2026-09-22 08:41:40,30,0,24.54,0,2,0
2026-09-22 08:41:55,30,0,24.54,0,2,0
2026-09-22 08:42:11,30,0,24.52,0,2,2
2026-09-22 08:42:26,30,0,24.54,0,3,0
2026-09-22 08:42:41,30,0,24.54,0,1,0
2026-09-22 08:42:57,30,0,24.54,0,3,0
2026-09-22 08:43:12,30,0,24.54,0,1,0
2026-09-22 08:43:28,30,0,24.54,0,2,0
2026-09-22 08:43:43,30,0,24.54,0,2,0
2026-09-22 08:43:59,30,0,24.54,0,6,0
2026-09-22 08:44:14,30,0,24.54,0,1,0
2026-09-22 08:44:29,30,0,24.54,0,5,0
2026-09-22 08:44:46,30,0,24.54,0,2,0
2026-09-22 08:45:01,30,0,24.54,0,7,0
2026-09-22 08:45:17,30,0,24.54,0,7,0
2026-09-22 08:45:32,30,0,24.54,0,0,0
2026-09-22 08:45:47,30,0,24.54,0,1,0
2026-09-22 08:46:03,30,0,24.54,0,2,0
2026-09-22 08:46:18,30,0,24.52,0,3,2
2026-09-22 08:46:34,30,0,24.52,0,3,2
2026-09-22 08:46:49,30,0,24.54,0,0,0
2026-09-22 08:47:04,30,0,24.54,0,1,0
2026-09-22 08:47:20,30,0,24.54,0,2,0
2026-09-22 08:47:35,30,0,24.54,0,6,0
2026-09-22 08:47:51,30,0,24.54,0,0,0
2026-09-22 08:48:06,30,0,24.52,0,8,2
2026-09-22 08:48:21,30,0,24.54,0,1,0
2026-09-22 08:48:37,30,0,24.54,0,6,0
2026-09-22 08:48:52,30,0,24.54,0,5,0
2026-09-22 08:49:08,30,0,24.54,0,2,0
2026-09-22 08:49:23,30,0,24.52,0,8,2
2026-09-22 08:49:39,30,0,24.54,0,1,0
2026-09-22 08:49:54,30,0,24.54,0,7,0
2026-09-22 08:50:09,30,0,24.54,0,1,0
2026-09-22 08:50:25,30,0,24.54,0,3,0
2026-09-22 08:50:40,30,0,24.52,0,3,2
2026-09-22 08:50:56,30,0,24.54,0,2,0
2026-09-22 08:51:11,30,0,24.54,0,0,0
2026-09-22 08:51:26,30,0,24.54,0,2,0
2026-09-22 08:51:42,30,0,24.54,0,2,0
2026-09-22 08:51:57,30,0,24.52,0,7,2
2026-09-22 08:52:13,30,0,24.54,0,1,0
2026-09-22 08:52:28,30,0,24.54,0,8,0
2026-09-22 08:52:43,30,0,24.54,0,2,0
2026-09-22 08:52:59,30,0,24.54,0,8,0
2026-09-22 08:53:14,30,0,24.52,0,3,2
2026-09-22 08:53:30,30,0,24.54,0,7,0
2026-09-22 08:53:45,30,0,24.54,0,13,0
2026-09-22 08:54:00,30,0,24.54,0,1,0
2026-09-22 08:54:16,30,0,24.54,0,3,0
2026-09-22 08:54:31,30,0,24.54,0,2,2
2026-09-22 08:54:47,30,0,24.54,0,3,0
2026-09-22 08:55:02,30,0,24.54,0,12,0
2026-09-22 08:55:18,30,0,24.54,0,7,0
2026-09-22 08:55:33,30,0,24.54,0,0,0
2026-09-22 08:55:48,30,0,24.54,0,1,0
2026-09-22 08:56:04,30,0,24.04,0,3,0
2026-09-22 08:56:19,30,0,24.54,0,1,0
2026-09-22 08:56:35,30,0,24.54,0,1,0
2026-09-22 08:56:50,30,0,24.54,0,7,0
2026-09-22 08:57:05,30,0,24.54,0,2,0
2026-09-22 08:57:21,30,0,24.52,0,4,2
2026-09-22 08:57:36,30,0,24.54,0,2,0
2026-09-22 08:57:52,30,0,24.54,0,2,0
2026-09-22 08:58:07,30,0,24.54,0,3,0
2026-09-22 08:58:22,30,0,24.54,0,6,0
2026-09-22 08:58:38,30,0,24.52,0,4,2
2026-09-22 08:58:53,30,0,24.54,0,2,0
2026-09-22 08:59:09,30,0,24.54,0,4,0
2026-09-22 08:59:24,30,0,24.54,0,1,0
2026-09-22 08:59:40,30,0,24.54,0,2,0
2026-09-22 08:59:55,30,0,24.52,0,4,2
2026-09-22 09:00:07,30,0,24.52,0,3,2
2026-09-22 09:00:22,30,0,24.54,0,8,0
2026-09-22 09:00:37,30,0,24.54,0,8,0
2026-09-22 09:00:54,30,0,24.54,0,1,0
2026-09-22 09:01:09,30,0,24.54,0,1,0
2026-09-22 09:01:25,30,0,24.54,0,7,0
2026-09-22 09:01:40,30,0,24.52,0,3,2
2026-09-22 09:01:56,30,0,24.54,0,2,0
2026-09-22 09:02:11,30,0,24.54,0,2,0
2026-09-22 09:02:26,30,0,24.54,0,7,0
2026-09-22 09:02:42,30,0,24.54,0,1,0
2026-09-22 09:02:57,30,0,24.52,0,4,2
2026-09-22 09:03:13,31,0,24.54,0,2,0
2026-09-22 09:03:28,30,0,24.54,0,2,0
2026-09-22 09:03:43,30,0,24.54,0,8,0
2026-09-22 09:03:59,30,0,24.54,0,2,0
2026-09-22 09:04:14,30,0,24.52,0,8,2
2026-09-22 09:04:30,30,0,24.54,0,0,0
2026-09-22 09:04:45,30,0,24.54,0,0,0
2026-09-22 09:05:00,30,0,24.54,0,5,0
2026-09-22 09:05:16,30,0,24.54,0,1,0
2026-09-22 09:05:31,30,0,24.52,0,4,2
2026-09-22 09:05:47,30,0,24.54,0,1,0
2026-09-22 09:06:02,30,0,24.54,0,1,0
2026-09-22 09:06:17,30,0,24.54,0,1,0
2026-09-22 09:06:33,30,0,24.54,0,1,0
2026-09-22 09:06:48,30,0,24.04,0,1,0
2026-09-22 09:07:04,30,0,24.52,0,1,0
2026-09-22 09:07:19,30,0,24.54,0,3,0
2026-09-22 09:07:35,30,0,24.54,0,6,0
2026-09-22 09:07:50,30,0,24.54,0,1,0
2026-09-22 09:08:05,30,0,24.54,0,0,0
2026-09-22 09:08:21,30,0,24.52,0,3,2
2026-09-22 09:08:36,30,0,24.54,0,7,0
2026-09-22 09:08:52,30,0,24.54,0,2,0
2026-09-22 09:09:07,30,0,24.54,0,0,0
2026-09-22 09:09:22,30,0,24.54,0,3,0
2026-09-22 09:09:38,30,0,24.52,0,2,2
2026-09-22 09:09:53,30,0,24.54,0,2,0
2026-09-22 09:10:09,30,0,24.54,0,6,0
2026-09-22 09:10:24,30,0,24.54,0,1,0
2026-09-22 09:10:39,30,0,24.54,0,2,0
2026-09-22 09:10:55,30,0,24.52,0,7,2
2026-09-22 09:11:10,30,0,24.54,0,3,0
2026-09-22 09:11:26,30,0,24.54,0,2,0
2026-09-22 09:11:41,30,0,24.54,0,8,0
2026-09-22 09:11:57,30,0,24.54,0,0,0
2026-09-22 09:12:12,30,0,24.52,0,3,2
2026-09-22 09:12:27,30,0,24.54,0,3,0
2026-09-22 09:12:43,30,0,24.54,0,2,0
2026-09-22 09:12:58,30,0,24.54,0,0,0
2026-09-22 09:13:14,30,0,24.54,0,3,0
2026-09-22 09:13:29,30,0,24.52,0,1,2
2026-09-22 09:13:44,31,0,24.52,0,4,2
2026-09-22 09:14:00,30,0,24.52,0,3,2
2026-09-22 09:14:15,31,0,24.54,0,2,0
2026-09-22 09:14:31,31,0,24.54,0,2,0
2026-09-22 09:14:46,31,0,24.54,0,3,0
2026-09-22 09:15:01,30,0,24.54,0,2,0
2026-09-22 09:15:17,31,0,24.52,0,3,2
2026-09-22 09:15:32,31,0,24.54,0,8,0
2026-09-22 09:15:48,31,0,24.54,0,1,0
2026-09-22 09:16:03,30,0,24.54,0,0,0
2026-09-22 09:16:18,31,0,24.54,0,7,0
2026-09-22 09:16:34,30,0,24.54,0,2,0
2026-09-22 09:16:49,30,0,24.54,0,7,0
2026-09-22 09:17:06,30,0,24.54,0,3,0
2026-09-22 09:17:21,31,0,24.54,0,0,0
2026-09-22 09:17:36,30,0,24.54,0,7,0
2026-09-22 09:17:52,31,0,24.54,0,2,0
2026-09-22 09:18:07,31,0,24.52,0,3,2
2026-09-22 09:18:23,30,0,24.54,0,2,0
2026-09-22 09:18:38,30,0,24.54,0,2,0
2026-09-22 09:18:53,30,0,24.54,0,2,0
2026-09-22 09:19:09,30,0,24.52,0,3,0
2026-09-22 09:19:24,30,0,24.52,0,3,2
2026-09-22 09:19:40,31,0,24.54,0,1,0
2026-09-22 09:19:55,31,0,24.54,0,2,0
2026-09-22 09:20:11,31,0,24.54,0,2,0
2026-09-22 09:20:26,30,0,24.54,0,5,0
2026-09-22 09:20:41,30,0,24.52,0,3,2
2026-09-22 09:20:57,30,0,24.54,0,2,0
2026-09-22 09:21:12,30,0,24.54,0,5,0
2026-09-22 09:21:28,30,0,24.54,0,8,0
2026-09-22 09:21:43,30,0,24.54,0,0,0
2026-09-22 09:21:58,31,0,24.52,0,7,2
2026-09-22 09:22:14,31,0,24.54,0,2,0
2026-09-22 09:22:29,31,0,24.54,0,2,0
2026-09-22 09:22:45,31,0,24.54,0,3,0
2026-09-22 09:23:00,31,0,24.54,0,2,0
2026-09-22 09:23:15,31,0,24.52,0,3,2
2026-09-22 09:23:31,30,0,24.54,0,2,0
2026-09-22 09:23:46,31,0,24.54,0,2,0
2026-09-22 09:24:02,30,0,24.54,0,7,0
2026-09-22 09:24:17,31,0,24.54,0,4,0
2026-09-22 09:24:33,31,0,24.52,0,7,2
2026-09-22 09:24:48,31,0,24.54,0,2,0
2026-09-22 09:25:03,31,0,24.54,0,2,0
2026-09-22 09:25:19,31,0,24.54,0,2,0
2026-09-22 09:25:34,31,0,24.54,0,5,0
2026-09-22 09:25:50,31,0,24.54,0,2,0
2026-09-22 09:26:05,31,0,24.52,0,4,0
2026-09-22 09:26:20,31,0,24.54,0,2,0
2026-09-22 09:26:36,31,0,24.54,0,2,0
2026-09-22 09:26:51,30,0,24.54,0,7,0
2026-09-22 09:27:07,30,0,24.54,0,8,0
2026-09-22 09:27:22,30,0,24.52,0,2,2
2026-09-22 09:27:37,30,0,24.52,0,3,2
2026-09-22 09:27:53,30,0,24.54,0,7,0
2026-09-22 09:28:08,31,0,24.54,0,7,0
2026-09-22 09:28:24,31,0,24.54,0,2,0
2026-09-22 09:28:39,31,0,24.54,0,1,0
2026-09-22 09:28:55,31,0,24.54,0,7,0
2026-09-22 09:29:10,31,0,24.52,0,3,2
2026-09-22 09:29:25,31,0,24.54,0,7,0
2026-09-22 09:29:41,31,0,24.54,0,1,0
2026-09-22 09:29:56,31,0,24.54,0,6,0
2026-09-22 09:30:12,31,0,24.54,0,7,0
2026-09-22 09:30:27,31,0,24.52,0,7,2
2026-09-22 09:30:42,31,0,24.54,0,2,0
2026-09-22 09:30:58,31,0,24.54,0,1,0
2026-09-22 09:31:13,31,0,24.54,0,2,0
2026-09-22 09:31:29,31,0,24.54,0,2,0
2026-09-22 09:31:44,31,0,24.52,0,4,2
2026-09-22 09:31:59,31,0,24.54,0,6,0
2026-09-22 09:32:15,31,0,24.54,0,7,0
2026-09-22 09:32:30,31,0,24.54,0,2,0
2026-09-22 09:32:46,31,0,24.54,0,0,0
2026-09-22 09:33:01,31,0,24.52,0,2,2
2026-09-22 09:33:17,31,0,24.54,0,1,0
2026-09-22 09:33:33,31,0,24.54,0,2,0
2026-09-22 09:33:48,31,0,24.54,0,7,0
2026-09-22 09:34:04,31,0,24.54,0,1,0
2026-09-22 09:34:19,31,0,24.52,0,1,2
2026-09-22 09:34:34,31,0,24.54,0,3,0
2026-09-22 09:34:50,31,0,24.52,0,1,2
2026-09-22 09:35:05,31,0,24.54,0,2,0
2026-09-22 09:35:21,31,0,24.52,0,9,4
2026-09-22 09:35:36,31,0,24.49,0,40,34
2026-09-22 09:35:52,31,0,24.51,0,26,34
2026-09-22 09:36:07,31,0,24.52,0,8,32
2026-09-22 09:36:22,31,0,24.52,0,14,32
2026-09-22 09:36:38,31,0,24.54,0,1,0
2026-09-22 09:36:53,31,0,24.52,0,2,2
2026-09-22 09:37:09,31,0,24.52,0,10,4
2026-09-22 09:37:24,31,0,24.52,404,4,2
2026-09-22 09:37:39,31,38,24.52,404,10,2
2026-09-22 09:37:55,31,0,24.52,404,3,2
2026-09-22 09:38:10,31,0,24.52,404,4,2
2026-09-22 09:38:26,31,0,24.52,404,4,2
2026-09-22 09:38:41,31,0,24.52,404,3,2
2026-09-22 09:38:56,31,41,24.52,406,10,2
2026-09-22 09:39:12,31,0,24.52,428,4,2
2026-09-22 09:39:27,31,0,24.52,428,4,2
2026-09-22 09:39:43,31,0,24.52,428,3,2
2026-09-22 09:39:58,31,0,24.52,428,3,2
2026-09-22 09:40:13,31,0,24.52,428,4,2
2026-09-22 09:40:29,31,0,24.52,428,3,2
2026-09-22 09:40:44,31,0,24.52,428,6,2
2026-09-22 09:40:59,31,0,24.52,428,4,2
2026-09-22 09:41:15,31,0,24.52,428,7,2
2026-09-22 09:41:30,31,0,24.52,428,4,2
2026-09-22 09:41:46,32,18,30.00,464,4,2
2026-09-22 09:42:01,33,0,50.32,642,7,2
2026-09-22 09:42:16,34,0,50.32,902,5,2
2026-09-22 09:42:32,35,0,50.81,0,3,2
2026-09-22 09:42:47,33,0,25.02,0,4,2
2026-09-22 09:43:03,32,0,24.54,0,6,0
